번호,URL,지역,작업,HTTP,H1,Title,Description,OG,Canonical,Robots,Hub,Sitemap,FAQ,Redirect,오류
"1","/incheon/namdong-gu/food-factory-cleaning","인천 남동구","식품공장청소","200","1개 (정상)","정상","정상","정상","정상 (Self)","index, follow (정상)","연결됨","포함됨 (160/160)","정상 (5개)","정상 (Chain 0)","없음"
"2","/incheon/namdong-gu/haccp-factory-cleaning","인천 남동구","해썹공장청소","200","1개 (정상)","정상","정상","정상","정상 (Self)","index, follow (정상)","연결됨","포함됨 (160/160)","정상 (5개)","정상 (Chain 0)","없음"
"3","/incheon/namdong-gu/factory-hygiene-cleaning","인천 남동구","공장위생청소","200","1개 (정상)","정상","정상","정상","정상 (Self)","index, follow (정상)","연결됨","포함됨 (160/160)","정상 (5개)","정상 (Chain 0)","없음"
"4","/incheon/namdong-gu/factory-mold-removal","인천 남동구","공장곰팡이제거","200","1개 (정상)","정상","정상","정상","정상 (Self)","index, follow (정상)","연결됨","포함됨 (160/160)","정상 (5개)","정상 (Chain 0)","없음"
"5","/incheon/namdong-gu/warehouse-mold-cleaning","인천 남동구","물류창고곰팡이청소","200","1개 (정상)","정상","정상","정상","정상 (Self)","index, follow (정상)","연결됨","포함됨 (160/160)","정상 (5개)","정상 (Chain 0)","없음"
"6","/incheon/namdong-gu/factory-diffuser-cleaning","인천 남동구","공장디퓨저청소","200","1개 (정상)","정상","정상","정상","정상 (Self)","index, follow (정상)","연결됨","포함됨 (160/160)","정상 (5개)","정상 (Chain 0)","없음"
"7","/incheon/namdong-gu/vent-cleaning","인천 남동구","환기구청소","200","1개 (정상)","정상","정상","정상","정상 (Self)","index, follow (정상)","연결됨","포함됨 (160/160)","정상 (5개)","정상 (Chain 0)","없음"
"8","/incheon/namdong-gu/factory-floor-cleaning","인천 남동구","공장바닥청소","200","1개 (정상)","정상","정상","정상","정상 (Self)","index, follow (정상)","연결됨","포함됨 (160/160)","정상 (5개)","정상 (Chain 0)","없음"
"9","/incheon/namdong-gu/factory-move-cleaning","인천 남동구","공장이전청소","200","1개 (정상)","정상","정상","정상","정상 (Self)","index, follow (정상)","연결됨","포함됨 (160/160)","정상 (5개)","정상 (Chain 0)","없음"
"10","/incheon/namdong-gu/factory-exterior-panel-cleaning","인천 남동구","공장외벽판넬청소","200","1개 (정상)","정상","정상","정상","정상 (Self)","index, follow (정상)","연결됨","포함됨 (160/160)","정상 (5개)","정상 (Chain 0)","없음"
"11","/gyeonggi/paju-si/food-factory-cleaning","경기 파주시","식품공장청소","200","1개 (정상)","정상","정상","정상","정상 (Self)","index, follow (정상)","연결됨","포함됨 (160/160)","정상 (5개)","정상 (Chain 0)","없음"
"12","/gyeonggi/paju-si/haccp-factory-cleaning","경기 파주시","해썹공장청소","200","1개 (정상)","정상","정상","정상","정상 (Self)","index, follow (정상)","연결됨","포함됨 (160/160)","정상 (5개)","정상 (Chain 0)","없음"
"13","/gyeonggi/paju-si/factory-hygiene-cleaning","경기 파주시","공장위생청소","200","1개 (정상)","정상","정상","정상","정상 (Self)","index, follow (정상)","연결됨","포함됨 (160/160)","정상 (5개)","정상 (Chain 0)","없음"
"14","/gyeonggi/paju-si/factory-mold-removal","경기 파주시","공장곰팡이제거","200","1개 (정상)","정상","정상","정상","정상 (Self)","index, follow (정상)","연결됨","포함됨 (160/160)","정상 (5개)","정상 (Chain 0)","없음"
"15","/gyeonggi/paju-si/warehouse-mold-cleaning","경기 파주시","물류창고곰팡이청소","200","1개 (정상)","정상","정상","정상","정상 (Self)","index, follow (정상)","연결됨","포함됨 (160/160)","정상 (5개)","정상 (Chain 0)","없음"
"16","/gyeonggi/paju-si/factory-diffuser-cleaning","경기 파주시","공장디퓨저청소","200","1개 (정상)","정상","정상","정상","정상 (Self)","index, follow (정상)","연결됨","포함됨 (160/160)","정상 (5개)","정상 (Chain 0)","없음"
"17","/gyeonggi/paju-si/vent-cleaning","경기 파주시","환기구청소","200","1개 (정상)","정상","정상","정상","정상 (Self)","index, follow (정상)","연결됨","포함됨 (160/160)","정상 (5개)","정상 (Chain 0)","없음"
"18","/gyeonggi/paju-si/factory-floor-cleaning","경기 파주시","공장바닥청소","200","1개 (정상)","정상","정상","정상","정상 (Self)","index, follow (정상)","연결됨","포함됨 (160/160)","정상 (5개)","정상 (Chain 0)","없음"
"19","/gyeonggi/paju-si/factory-move-cleaning","경기 파주시","공장이전청소","200","1개 (정상)","정상","정상","정상","정상 (Self)","index, follow (정상)","연결됨","포함됨 (160/160)","정상 (5개)","정상 (Chain 0)","없음"
"20","/gyeonggi/paju-si/factory-exterior-panel-cleaning","경기 파주시","공장외벽판넬청소","200","1개 (정상)","정상","정상","정상","정상 (Self)","index, follow (정상)","연결됨","포함됨 (160/160)","정상 (5개)","정상 (Chain 0)","없음"
"21","/gyeonggi/yangju-si/food-factory-cleaning","경기 양주시","식품공장청소","200","1개 (정상)","정상","정상","정상","정상 (Self)","index, follow (정상)","연결됨","포함됨 (160/160)","정상 (5개)","정상 (Chain 0)","없음"
"22","/gyeonggi/yangju-si/haccp-factory-cleaning","경기 양주시","해썹공장청소","200","1개 (정상)","정상","정상","정상","정상 (Self)","index, follow (정상)","연결됨","포함됨 (160/160)","정상 (5개)","정상 (Chain 0)","없음"
"23","/gyeonggi/yangju-si/factory-hygiene-cleaning","경기 양주시","공장위생청소","200","1개 (정상)","정상","정상","정상","정상 (Self)","index, follow (정상)","연결됨","포함됨 (160/160)","정상 (5개)","정상 (Chain 0)","없음"
"24","/gyeonggi/yangju-si/factory-mold-removal","경기 양주시","공장곰팡이제거","200","1개 (정상)","정상","정상","정상","정상 (Self)","index, follow (정상)","연결됨","포함됨 (160/160)","정상 (5개)","정상 (Chain 0)","없음"
"25","/gyeonggi/yangju-si/warehouse-mold-cleaning","경기 양주시","물류창고곰팡이청소","200","1개 (정상)","정상","정상","정상","정상 (Self)","index, follow (정상)","연결됨","포함됨 (160/160)","정상 (5개)","정상 (Chain 0)","없음"
"26","/gyeonggi/yangju-si/factory-diffuser-cleaning","경기 양주시","공장디퓨저청소","200","1개 (정상)","정상","정상","정상","정상 (Self)","index, follow (정상)","연결됨","포함됨 (160/160)","정상 (5개)","정상 (Chain 0)","없음"
"27","/gyeonggi/yangju-si/vent-cleaning","경기 양주시","환기구청소","200","1개 (정상)","정상","정상","정상","정상 (Self)","index, follow (정상)","연결됨","포함됨 (160/160)","정상 (5개)","정상 (Chain 0)","없음"
"28","/gyeonggi/yangju-si/factory-floor-cleaning","경기 양주시","공장바닥청소","200","1개 (정상)","정상","정상","정상","정상 (Self)","index, follow (정상)","연결됨","포함됨 (160/160)","정상 (5개)","정상 (Chain 0)","없음"
"29","/gyeonggi/yangju-si/factory-move-cleaning","경기 양주시","공장이전청소","200","1개 (정상)","정상","정상","정상","정상 (Self)","index, follow (정상)","연결됨","포함됨 (160/160)","정상 (5개)","정상 (Chain 0)","없음"
"30","/gyeonggi/yangju-si/factory-exterior-panel-cleaning","경기 양주시","공장외벽판넬청소","200","1개 (정상)","정상","정상","정상","정상 (Self)","index, follow (정상)","연결됨","포함됨 (160/160)","정상 (5개)","정상 (Chain 0)","없음"
"31","/gyeonggi/gwangju-si/food-factory-cleaning","경기 광주시","식품공장청소","200","1개 (정상)","정상","정상","정상","정상 (Self)","index, follow (정상)","연결됨","포함됨 (160/160)","정상 (5개)","정상 (Chain 0)","없음"
"32","/gyeonggi/gwangju-si/haccp-factory-cleaning","경기 광주시","해썹공장청소","200","1개 (정상)","정상","정상","정상","정상 (Self)","index, follow (정상)","연결됨","포함됨 (160/160)","정상 (5개)","정상 (Chain 0)","없음"
"33","/gyeonggi/gwangju-si/factory-hygiene-cleaning","경기 광주시","공장위생청소","200","1개 (정상)","정상","정상","정상","정상 (Self)","index, follow (정상)","연결됨","포함됨 (160/160)","정상 (5개)","정상 (Chain 0)","없음"
"34","/gyeonggi/gwangju-si/factory-mold-removal","경기 광주시","공장곰팡이제거","200","1개 (정상)","정상","정상","정상","정상 (Self)","index, follow (정상)","연결됨","포함됨 (160/160)","정상 (5개)","정상 (Chain 0)","없음"
"35","/gyeonggi/gwangju-si/warehouse-mold-cleaning","경기 광주시","물류창고곰팡이청소","200","1개 (정상)","정상","정상","정상","정상 (Self)","index, follow (정상)","연결됨","포함됨 (160/160)","정상 (5개)","정상 (Chain 0)","없음"
"36","/gyeonggi/gwangju-si/factory-diffuser-cleaning","경기 광주시","공장디퓨저청소","200","1개 (정상)","정상","정상","정상","정상 (Self)","index, follow (정상)","연결됨","포함됨 (160/160)","정상 (5개)","정상 (Chain 0)","없음"
"37","/gyeonggi/gwangju-si/vent-cleaning","경기 광주시","환기구청소","200","1개 (정상)","정상","정상","정상","정상 (Self)","index, follow (정상)","연결됨","포함됨 (160/160)","정상 (5개)","정상 (Chain 0)","없음"
"38","/gyeonggi/gwangju-si/factory-floor-cleaning","경기 광주시","공장바닥청소","200","1개 (정상)","정상","정상","정상","정상 (Self)","index, follow (정상)","연결됨","포함됨 (160/160)","정상 (5개)","정상 (Chain 0)","없음"
"39","/gyeonggi/gwangju-si/factory-move-cleaning","경기 광주시","공장이전청소","200","1개 (정상)","정상","정상","정상","정상 (Self)","index, follow (정상)","연결됨","포함됨 (160/160)","정상 (5개)","정상 (Chain 0)","없음"
"40","/gyeonggi/gwangju-si/factory-exterior-panel-cleaning","경기 광주시","공장외벽판넬청소","200","1개 (정상)","정상","정상","정상","정상 (Self)","index, follow (정상)","연결됨","포함됨 (160/160)","정상 (5개)","정상 (Chain 0)","없음"
"41","/gyeonggi/icheon-si/food-factory-cleaning","경기 이천시","식품공장청소","200","1개 (정상)","정상","정상","정상","정상 (Self)","index, follow (정상)","연결됨","포함됨 (160/160)","정상 (5개)","정상 (Chain 0)","없음"
"42","/gyeonggi/icheon-si/haccp-factory-cleaning","경기 이천시","해썹공장청소","200","1개 (정상)","정상","정상","정상","정상 (Self)","index, follow (정상)","연결됨","포함됨 (160/160)","정상 (5개)","정상 (Chain 0)","없음"
"43","/gyeonggi/icheon-si/factory-hygiene-cleaning","경기 이천시","공장위생청소","200","1개 (정상)","정상","정상","정상","정상 (Self)","index, follow (정상)","연결됨","포함됨 (160/160)","정상 (5개)","정상 (Chain 0)","없음"
"44","/gyeonggi/icheon-si/factory-mold-removal","경기 이천시","공장곰팡이제거","200","1개 (정상)","정상","정상","정상","정상 (Self)","index, follow (정상)","연결됨","포함됨 (160/160)","정상 (5개)","정상 (Chain 0)","없음"
"45","/gyeonggi/icheon-si/warehouse-mold-cleaning","경기 이천시","물류창고곰팡이청소","200","1개 (정상)","정상","정상","정상","정상 (Self)","index, follow (정상)","연결됨","포함됨 (160/160)","정상 (5개)","정상 (Chain 0)","없음"
"46","/gyeonggi/icheon-si/factory-diffuser-cleaning","경기 이천시","공장디퓨저청소","200","1개 (정상)","정상","정상","정상","정상 (Self)","index, follow (정상)","연결됨","포함됨 (160/160)","정상 (5개)","정상 (Chain 0)","없음"
"47","/gyeonggi/icheon-si/vent-cleaning","경기 이천시","환기구청소","200","1개 (정상)","정상","정상","정상","정상 (Self)","index, follow (정상)","연결됨","포함됨 (160/160)","정상 (5개)","정상 (Chain 0)","없음"
"48","/gyeonggi/icheon-si/factory-floor-cleaning","경기 이천시","공장바닥청소","200","1개 (정상)","정상","정상","정상","정상 (Self)","index, follow (정상)","연결됨","포함됨 (160/160)","정상 (5개)","정상 (Chain 0)","없음"
"49","/gyeonggi/icheon-si/factory-move-cleaning","경기 이천시","공장이전청소","200","1개 (정상)","정상","정상","정상","정상 (Self)","index, follow (정상)","연결됨","포함됨 (160/160)","정상 (5개)","정상 (Chain 0)","없음"
"50","/gyeonggi/icheon-si/factory-exterior-panel-cleaning","경기 이천시","공장외벽판넬청소","200","1개 (정상)","정상","정상","정상","정상 (Self)","index, follow (정상)","연결됨","포함됨 (160/160)","정상 (5개)","정상 (Chain 0)","없음"
"51","/gyeonggi/siheung-si/food-factory-cleaning","경기 시흥시","식품공장청소","200","1개 (정상)","정상","정상","정상","정상 (Self)","index, follow (정상)","연결됨","포함됨 (160/160)","정상 (5개)","정상 (Chain 0)","없음"
"52","/gyeonggi/siheung-si/haccp-factory-cleaning","경기 시흥시","해썹공장청소","200","1개 (정상)","정상","정상","정상","정상 (Self)","index, follow (정상)","연결됨","포함됨 (160/160)","정상 (5개)","정상 (Chain 0)","없음"
"53","/gyeonggi/siheung-si/factory-hygiene-cleaning","경기 시흥시","공장위생청소","200","1개 (정상)","정상","정상","정상","정상 (Self)","index, follow (정상)","연결됨","포함됨 (160/160)","정상 (5개)","정상 (Chain 0)","없음"
"54","/gyeonggi/siheung-si/factory-mold-removal","경기 시흥시","공장곰팡이제거","200","1개 (정상)","정상","정상","정상","정상 (Self)","index, follow (정상)","연결됨","포함됨 (160/160)","정상 (5개)","정상 (Chain 0)","없음"
"55","/gyeonggi/siheung-si/warehouse-mold-cleaning","경기 시흥시","물류창고곰팡이청소","200","1개 (정상)","정상","정상","정상","정상 (Self)","index, follow (정상)","연결됨","포함됨 (160/160)","정상 (5개)","정상 (Chain 0)","없음"
"56","/gyeonggi/siheung-si/factory-diffuser-cleaning","경기 시흥시","공장디퓨저청소","200","1개 (정상)","정상","정상","정상","정상 (Self)","index, follow (정상)","연결됨","포함됨 (160/160)","정상 (5개)","정상 (Chain 0)","없음"
"57","/gyeonggi/siheung-si/vent-cleaning","경기 시흥시","환기구청소","200","1개 (정상)","정상","정상","정상","정상 (Self)","index, follow (정상)","연결됨","포함됨 (160/160)","정상 (5개)","정상 (Chain 0)","없음"
"58","/gyeonggi/siheung-si/factory-floor-cleaning","경기 시흥시","공장바닥청소","200","1개 (정상)","정상","정상","정상","정상 (Self)","index, follow (정상)","연결됨","포함됨 (160/160)","정상 (5개)","정상 (Chain 0)","없음"
"59","/gyeonggi/siheung-si/factory-move-cleaning","경기 시흥시","공장이전청소","200","1개 (정상)","정상","정상","정상","정상 (Self)","index, follow (정상)","연결됨","포함됨 (160/160)","정상 (5개)","정상 (Chain 0)","없음"
"60","/gyeonggi/siheung-si/factory-exterior-panel-cleaning","경기 시흥시","공장외벽판넬청소","200","1개 (정상)","정상","정상","정상","정상 (Self)","index, follow (정상)","연결됨","포함됨 (160/160)","정상 (5개)","정상 (Chain 0)","없음"
"61","/gyeonggi/ansan-si/food-factory-cleaning","경기 안산시","식품공장청소","200","1개 (정상)","정상","정상","정상","정상 (Self)","index, follow (정상)","연결됨","포함됨 (160/160)","정상 (5개)","정상 (Chain 0)","없음"
"62","/gyeonggi/ansan-si/haccp-factory-cleaning","경기 안산시","해썹공장청소","200","1개 (정상)","정상","정상","정상","정상 (Self)","index, follow (정상)","연결됨","포함됨 (160/160)","정상 (5개)","정상 (Chain 0)","없음"
"63","/gyeonggi/ansan-si/factory-hygiene-cleaning","경기 안산시","공장위생청소","200","1개 (정상)","정상","정상","정상","정상 (Self)","index, follow (정상)","연결됨","포함됨 (160/160)","정상 (5개)","정상 (Chain 0)","없음"
"64","/gyeonggi/ansan-si/factory-mold-removal","경기 안산시","공장곰팡이제거","200","1개 (정상)","정상","정상","정상","정상 (Self)","index, follow (정상)","연결됨","포함됨 (160/160)","정상 (5개)","정상 (Chain 0)","없음"
"65","/gyeonggi/ansan-si/warehouse-mold-cleaning","경기 안산시","물류창고곰팡이청소","200","1개 (정상)","정상","정상","정상","정상 (Self)","index, follow (정상)","연결됨","포함됨 (160/160)","정상 (5개)","정상 (Chain 0)","없음"
"66","/gyeonggi/ansan-si/factory-diffuser-cleaning","경기 안산시","공장디퓨저청소","200","1개 (정상)","정상","정상","정상","정상 (Self)","index, follow (정상)","연결됨","포함됨 (160/160)","정상 (5개)","정상 (Chain 0)","없음"
"67","/gyeonggi/ansan-si/vent-cleaning","경기 안산시","환기구청소","200","1개 (정상)","정상","정상","정상","정상 (Self)","index, follow (정상)","연결됨","포함됨 (160/160)","정상 (5개)","정상 (Chain 0)","없음"
"68","/gyeonggi/ansan-si/factory-floor-cleaning","경기 안산시","공장바닥청소","200","1개 (정상)","정상","정상","정상","정상 (Self)","index, follow (정상)","연결됨","포함됨 (160/160)","정상 (5개)","정상 (Chain 0)","없음"
"69","/gyeonggi/ansan-si/factory-move-cleaning","경기 안산시","공장이전청소","200","1개 (정상)","정상","정상","정상","정상 (Self)","index, follow (정상)","연결됨","포함됨 (160/160)","정상 (5개)","정상 (Chain 0)","없음"
"70","/gyeonggi/ansan-si/factory-exterior-panel-cleaning","경기 안산시","공장외벽판넬청소","200","1개 (정상)","정상","정상","정상","정상 (Self)","index, follow (정상)","연결됨","포함됨 (160/160)","정상 (5개)","정상 (Chain 0)","없음"
"71","/gyeonggi/hwaseong-si/food-factory-cleaning","경기 화성시","식품공장청소","200","1개 (정상)","정상","정상","정상","정상 (Self)","index, follow (정상)","연결됨","포함됨 (160/160)","정상 (5개)","정상 (Chain 0)","없음"
"72","/gyeonggi/hwaseong-si/haccp-factory-cleaning","경기 화성시","해썹공장청소","200","1개 (정상)","정상","정상","정상","정상 (Self)","index, follow (정상)","연결됨","포함됨 (160/160)","정상 (5개)","정상 (Chain 0)","없음"
"73","/gyeonggi/hwaseong-si/factory-hygiene-cleaning","경기 화성시","공장위생청소","200","1개 (정상)","정상","정상","정상","정상 (Self)","index, follow (정상)","연결됨","포함됨 (160/160)","정상 (5개)","정상 (Chain 0)","없음"
"74","/gyeonggi/hwaseong-si/factory-mold-removal","경기 화성시","공장곰팡이제거","200","1개 (정상)","정상","정상","정상","정상 (Self)","index, follow (정상)","연결됨","포함됨 (160/160)","정상 (5개)","정상 (Chain 0)","없음"
"75","/gyeonggi/hwaseong-si/warehouse-mold-cleaning","경기 화성시","물류창고곰팡이청소","200","1개 (정상)","정상","정상","정상","정상 (Self)","index, follow (정상)","연결됨","포함됨 (160/160)","정상 (5개)","정상 (Chain 0)","없음"
"76","/gyeonggi/hwaseong-si/factory-diffuser-cleaning","경기 화성시","공장디퓨저청소","200","1개 (정상)","정상","정상","정상","정상 (Self)","index, follow (정상)","연결됨","포함됨 (160/160)","정상 (5개)","정상 (Chain 0)","없음"
"77","/gyeonggi/hwaseong-si/vent-cleaning","경기 화성시","환기구청소","200","1개 (정상)","정상","정상","정상","정상 (Self)","index, follow (정상)","연결됨","포함됨 (160/160)","정상 (5개)","정상 (Chain 0)","없음"
"78","/gyeonggi/hwaseong-si/factory-floor-cleaning","경기 화성시","공장바닥청소","200","1개 (정상)","정상","정상","정상","정상 (Self)","index, follow (정상)","연결됨","포함됨 (160/160)","정상 (5개)","정상 (Chain 0)","없음"
"79","/gyeonggi/hwaseong-si/factory-move-cleaning","경기 화성시","공장이전청소","200","1개 (정상)","정상","정상","정상","정상 (Self)","index, follow (정상)","연결됨","포함됨 (160/160)","정상 (5개)","정상 (Chain 0)","없음"
"80","/gyeonggi/hwaseong-si/factory-exterior-panel-cleaning","경기 화성시","공장외벽판넬청소","200","1개 (정상)","정상","정상","정상","정상 (Self)","index, follow (정상)","연결됨","포함됨 (160/160)","정상 (5개)","정상 (Chain 0)","없음"
"81","/gyeonggi/pyeongtaek-si/food-factory-cleaning","경기 평택시","식품공장청소","200","1개 (정상)","정상","정상","정상","정상 (Self)","index, follow (정상)","연결됨","포함됨 (160/160)","정상 (5개)","정상 (Chain 0)","없음"
"82","/gyeonggi/pyeongtaek-si/haccp-factory-cleaning","경기 평택시","해썹공장청소","200","1개 (정상)","정상","정상","정상","정상 (Self)","index, follow (정상)","연결됨","포함됨 (160/160)","정상 (5개)","정상 (Chain 0)","없음"
"83","/gyeonggi/pyeongtaek-si/factory-hygiene-cleaning","경기 평택시","공장위생청소","200","1개 (정상)","정상","정상","정상","정상 (Self)","index, follow (정상)","연결됨","포함됨 (160/160)","정상 (5개)","정상 (Chain 0)","없음"
"84","/gyeonggi/pyeongtaek-si/factory-mold-removal","경기 평택시","공장곰팡이제거","200","1개 (정상)","정상","정상","정상","정상 (Self)","index, follow (정상)","연결됨","포함됨 (160/160)","정상 (5개)","정상 (Chain 0)","없음"
"85","/gyeonggi/pyeongtaek-si/warehouse-mold-cleaning","경기 평택시","물류창고곰팡이청소","200","1개 (정상)","정상","정상","정상","정상 (Self)","index, follow (정상)","연결됨","포함됨 (160/160)","정상 (5개)","정상 (Chain 0)","없음"
"86","/gyeonggi/pyeongtaek-si/factory-diffuser-cleaning","경기 평택시","공장디퓨저청소","200","1개 (정상)","정상","정상","정상","정상 (Self)","index, follow (정상)","연결됨","포함됨 (160/160)","정상 (5개)","정상 (Chain 0)","없음"
"87","/gyeonggi/pyeongtaek-si/vent-cleaning","경기 평택시","환기구청소","200","1개 (정상)","정상","정상","정상","정상 (Self)","index, follow (정상)","연결됨","포함됨 (160/160)","정상 (5개)","정상 (Chain 0)","없음"
"88","/gyeonggi/pyeongtaek-si/factory-floor-cleaning","경기 평택시","공장바닥청소","200","1개 (정상)","정상","정상","정상","정상 (Self)","index, follow (정상)","연결됨","포함됨 (160/160)","정상 (5개)","정상 (Chain 0)","없음"
"89","/gyeonggi/pyeongtaek-si/factory-move-cleaning","경기 평택시","공장이전청소","200","1개 (정상)","정상","정상","정상","정상 (Self)","index, follow (정상)","연결됨","포함됨 (160/160)","정상 (5개)","정상 (Chain 0)","없음"
"90","/gyeonggi/pyeongtaek-si/factory-exterior-panel-cleaning","경기 평택시","공장외벽판넬청소","200","1개 (정상)","정상","정상","정상","정상 (Self)","index, follow (정상)","연결됨","포함됨 (160/160)","정상 (5개)","정상 (Chain 0)","없음"
"91","/gyeonggi/anseong-si/food-factory-cleaning","경기 안성시","식품공장청소","200","1개 (정상)","정상","정상","정상","정상 (Self)","index, follow (정상)","연결됨","포함됨 (160/160)","정상 (5개)","정상 (Chain 0)","없음"
"92","/gyeonggi/anseong-si/haccp-factory-cleaning","경기 안성시","해썹공장청소","200","1개 (정상)","정상","정상","정상","정상 (Self)","index, follow (정상)","연결됨","포함됨 (160/160)","정상 (5개)","정상 (Chain 0)","없음"
"93","/gyeonggi/anseong-si/factory-hygiene-cleaning","경기 안성시","공장위생청소","200","1개 (정상)","정상","정상","정상","정상 (Self)","index, follow (정상)","연결됨","포함됨 (160/160)","정상 (5개)","정상 (Chain 0)","없음"
"94","/gyeonggi/anseong-si/factory-mold-removal","경기 안성시","공장곰팡이제거","200","1개 (정상)","정상","정상","정상","정상 (Self)","index, follow (정상)","연결됨","포함됨 (160/160)","정상 (5개)","정상 (Chain 0)","없음"
"95","/gyeonggi/anseong-si/warehouse-mold-cleaning","경기 안성시","물류창고곰팡이청소","200","1개 (정상)","정상","정상","정상","정상 (Self)","index, follow (정상)","연결됨","포함됨 (160/160)","정상 (5개)","정상 (Chain 0)","없음"
"96","/gyeonggi/anseong-si/factory-diffuser-cleaning","경기 안성시","공장디퓨저청소","200","1개 (정상)","정상","정상","정상","정상 (Self)","index, follow (정상)","연결됨","포함됨 (160/160)","정상 (5개)","정상 (Chain 0)","없음"
"97","/gyeonggi/anseong-si/vent-cleaning","경기 안성시","환기구청소","200","1개 (정상)","정상","정상","정상","정상 (Self)","index, follow (정상)","연결됨","포함됨 (160/160)","정상 (5개)","정상 (Chain 0)","없음"
"98","/gyeonggi/anseong-si/factory-floor-cleaning","경기 안성시","공장바닥청소","200","1개 (정상)","정상","정상","정상","정상 (Self)","index, follow (정상)","연결됨","포함됨 (160/160)","정상 (5개)","정상 (Chain 0)","없음"
"99","/gyeonggi/anseong-si/factory-move-cleaning","경기 안성시","공장이전청소","200","1개 (정상)","정상","정상","정상","정상 (Self)","index, follow (정상)","연결됨","포함됨 (160/160)","정상 (5개)","정상 (Chain 0)","없음"
"100","/gyeonggi/anseong-si/factory-exterior-panel-cleaning","경기 안성시","공장외벽판넬청소","200","1개 (정상)","정상","정상","정상","정상 (Self)","index, follow (정상)","연결됨","포함됨 (160/160)","정상 (5개)","정상 (Chain 0)","없음"
"101","/gyeonggi/pocheon-si/food-factory-cleaning","경기 포천시","식품공장청소","200","1개 (정상)","정상","정상","정상","정상 (Self)","index, follow (정상)","연결됨","포함됨 (160/160)","정상 (5개)","정상 (Chain 0)","없음"
"102","/gyeonggi/pocheon-si/haccp-factory-cleaning","경기 포천시","해썹공장청소","200","1개 (정상)","정상","정상","정상","정상 (Self)","index, follow (정상)","연결됨","포함됨 (160/160)","정상 (5개)","정상 (Chain 0)","없음"
"103","/gyeonggi/pocheon-si/factory-hygiene-cleaning","경기 포천시","공장위생청소","200","1개 (정상)","정상","정상","정상","정상 (Self)","index, follow (정상)","연결됨","포함됨 (160/160)","정상 (5개)","정상 (Chain 0)","없음"
"104","/gyeonggi/pocheon-si/factory-mold-removal","경기 포천시","공장곰팡이제거","200","1개 (정상)","정상","정상","정상","정상 (Self)","index, follow (정상)","연결됨","포함됨 (160/160)","정상 (5개)","정상 (Chain 0)","없음"
"105","/gyeonggi/pocheon-si/warehouse-mold-cleaning","경기 포천시","물류창고곰팡이청소","200","1개 (정상)","정상","정상","정상","정상 (Self)","index, follow (정상)","연결됨","포함됨 (160/160)","정상 (5개)","정상 (Chain 0)","없음"
"106","/gyeonggi/pocheon-si/factory-diffuser-cleaning","경기 포천시","공장디퓨저청소","200","1개 (정상)","정상","정상","정상","정상 (Self)","index, follow (정상)","연결됨","포함됨 (160/160)","정상 (5개)","정상 (Chain 0)","없음"
"107","/gyeonggi/pocheon-si/vent-cleaning","경기 포천시","환기구청소","200","1개 (정상)","정상","정상","정상","정상 (Self)","index, follow (정상)","연결됨","포함됨 (160/160)","정상 (5개)","정상 (Chain 0)","없음"
"108","/gyeonggi/pocheon-si/factory-floor-cleaning","경기 포천시","공장바닥청소","200","1개 (정상)","정상","정상","정상","정상 (Self)","index, follow (정상)","연결됨","포함됨 (160/160)","정상 (5개)","정상 (Chain 0)","없음"
"109","/gyeonggi/pocheon-si/factory-move-cleaning","경기 포천시","공장이전청소","200","1개 (정상)","정상","정상","정상","정상 (Self)","index, follow (정상)","연결됨","포함됨 (160/160)","정상 (5개)","정상 (Chain 0)","없음"
"110","/gyeonggi/pocheon-si/factory-exterior-panel-cleaning","경기 포천시","공장외벽판넬청소","200","1개 (정상)","정상","정상","정상","정상 (Self)","index, follow (정상)","연결됨","포함됨 (160/160)","정상 (5개)","정상 (Chain 0)","없음"
"111","/chungbuk/eumseong-gun/food-factory-cleaning","충북 음성군","식품공장청소","200","1개 (정상)","정상","정상","정상","정상 (Self)","index, follow (정상)","연결됨","포함됨 (160/160)","정상 (5개)","정상 (Chain 0)","없음"
"112","/chungbuk/eumseong-gun/haccp-factory-cleaning","충북 음성군","해썹공장청소","200","1개 (정상)","정상","정상","정상","정상 (Self)","index, follow (정상)","연결됨","포함됨 (160/160)","정상 (5개)","정상 (Chain 0)","없음"
"113","/chungbuk/eumseong-gun/factory-hygiene-cleaning","충북 음성군","공장위생청소","200","1개 (정상)","정상","정상","정상","정상 (Self)","index, follow (정상)","연결됨","포함됨 (160/160)","정상 (5개)","정상 (Chain 0)","없음"
"114","/chungbuk/eumseong-gun/factory-mold-removal","충북 음성군","공장곰팡이제거","200","1개 (정상)","정상","정상","정상","정상 (Self)","index, follow (정상)","연결됨","포함됨 (160/160)","정상 (5개)","정상 (Chain 0)","없음"
"115","/chungbuk/eumseong-gun/warehouse-mold-cleaning","충북 음성군","물류창고곰팡이청소","200","1개 (정상)","정상","정상","정상","정상 (Self)","index, follow (정상)","연결됨","포함됨 (160/160)","정상 (5개)","정상 (Chain 0)","없음"
"116","/chungbuk/eumseong-gun/factory-diffuser-cleaning","충북 음성군","공장디퓨저청소","200","1개 (정상)","정상","정상","정상","정상 (Self)","index, follow (정상)","연결됨","포함됨 (160/160)","정상 (5개)","정상 (Chain 0)","없음"
"117","/chungbuk/eumseong-gun/vent-cleaning","충북 음성군","환기구청소","200","1개 (정상)","정상","정상","정상","정상 (Self)","index, follow (정상)","연결됨","포함됨 (160/160)","정상 (5개)","정상 (Chain 0)","없음"
"118","/chungbuk/eumseong-gun/factory-floor-cleaning","충북 음성군","공장바닥청소","200","1개 (정상)","정상","정상","정상","정상 (Self)","index, follow (정상)","연결됨","포함됨 (160/160)","정상 (5개)","정상 (Chain 0)","없음"
"119","/chungbuk/eumseong-gun/factory-move-cleaning","충북 음성군","공장이전청소","200","1개 (정상)","정상","정상","정상","정상 (Self)","index, follow (정상)","연결됨","포함됨 (160/160)","정상 (5개)","정상 (Chain 0)","없음"
"120","/chungbuk/eumseong-gun/factory-exterior-panel-cleaning","충북 음성군","공장외벽판넬청소","200","1개 (정상)","정상","정상","정상","정상 (Self)","index, follow (정상)","연결됨","포함됨 (160/160)","정상 (5개)","정상 (Chain 0)","없음"
"121","/chungbuk/jincheon-gun/food-factory-cleaning","충북 진천군","식품공장청소","200","1개 (정상)","정상","정상","정상","정상 (Self)","index, follow (정상)","연결됨","포함됨 (160/160)","정상 (5개)","정상 (Chain 0)","없음"
"122","/chungbuk/jincheon-gun/haccp-factory-cleaning","충북 진천군","해썹공장청소","200","1개 (정상)","정상","정상","정상","정상 (Self)","index, follow (정상)","연결됨","포함됨 (160/160)","정상 (5개)","정상 (Chain 0)","없음"
"123","/chungbuk/jincheon-gun/factory-hygiene-cleaning","충북 진천군","공장위생청소","200","1개 (정상)","정상","정상","정상","정상 (Self)","index, follow (정상)","연결됨","포함됨 (160/160)","정상 (5개)","정상 (Chain 0)","없음"
"124","/chungbuk/jincheon-gun/factory-mold-removal","충북 진천군","공장곰팡이제거","200","1개 (정상)","정상","정상","정상","정상 (Self)","index, follow (정상)","연결됨","포함됨 (160/160)","정상 (5개)","정상 (Chain 0)","없음"
"125","/chungbuk/jincheon-gun/warehouse-mold-cleaning","충북 진천군","물류창고곰팡이청소","200","1개 (정상)","정상","정상","정상","정상 (Self)","index, follow (정상)","연결됨","포함됨 (160/160)","정상 (5개)","정상 (Chain 0)","없음"
"126","/chungbuk/jincheon-gun/factory-diffuser-cleaning","충북 진천군","공장디퓨저청소","200","1개 (정상)","정상","정상","정상","정상 (Self)","index, follow (정상)","연결됨","포함됨 (160/160)","정상 (5개)","정상 (Chain 0)","없음"
"127","/chungbuk/jincheon-gun/vent-cleaning","충북 진천군","환기구청소","200","1개 (정상)","정상","정상","정상","정상 (Self)","index, follow (정상)","연결됨","포함됨 (160/160)","정상 (5개)","정상 (Chain 0)","없음"
"128","/chungbuk/jincheon-gun/factory-floor-cleaning","충북 진천군","공장바닥청소","200","1개 (정상)","정상","정상","정상","정상 (Self)","index, follow (정상)","연결됨","포함됨 (160/160)","정상 (5개)","정상 (Chain 0)","없음"
"129","/chungbuk/jincheon-gun/factory-move-cleaning","충북 진천군","공장이전청소","200","1개 (정상)","정상","정상","정상","정상 (Self)","index, follow (정상)","연결됨","포함됨 (160/160)","정상 (5개)","정상 (Chain 0)","없음"
"130","/chungbuk/jincheon-gun/factory-exterior-panel-cleaning","충북 진천군","공장외벽판넬청소","200","1개 (정상)","정상","정상","정상","정상 (Self)","index, follow (정상)","연결됨","포함됨 (160/160)","정상 (5개)","정상 (Chain 0)","없음"
"131","/chungbuk/cheongju-si/food-factory-cleaning","충북 청주시","식품공장청소","200","1개 (정상)","정상","정상","정상","정상 (Self)","index, follow (정상)","연결됨","포함됨 (160/160)","정상 (5개)","정상 (Chain 0)","없음"
"132","/chungbuk/cheongju-si/haccp-factory-cleaning","충북 청주시","해썹공장청소","200","1개 (정상)","정상","정상","정상","정상 (Self)","index, follow (정상)","연결됨","포함됨 (160/160)","정상 (5개)","정상 (Chain 0)","없음"
"133","/chungbuk/cheongju-si/factory-hygiene-cleaning","충북 청주시","공장위생청소","200","1개 (정상)","정상","정상","정상","정상 (Self)","index, follow (정상)","연결됨","포함됨 (160/160)","정상 (5개)","정상 (Chain 0)","없음"
"134","/chungbuk/cheongju-si/factory-mold-removal","충북 청주시","공장곰팡이제거","200","1개 (정상)","정상","정상","정상","정상 (Self)","index, follow (정상)","연결됨","포함됨 (160/160)","정상 (5개)","정상 (Chain 0)","없음"
"135","/chungbuk/cheongju-si/warehouse-mold-cleaning","충북 청주시","물류창고곰팡이청소","200","1개 (정상)","정상","정상","정상","정상 (Self)","index, follow (정상)","연결됨","포함됨 (160/160)","정상 (5개)","정상 (Chain 0)","없음"
"136","/chungbuk/cheongju-si/factory-diffuser-cleaning","충북 청주시","공장디퓨저청소","200","1개 (정상)","정상","정상","정상","정상 (Self)","index, follow (정상)","연결됨","포함됨 (160/160)","정상 (5개)","정상 (Chain 0)","없음"
"137","/chungbuk/cheongju-si/vent-cleaning","충북 청주시","환기구청소","200","1개 (정상)","정상","정상","정상","정상 (Self)","index, follow (정상)","연결됨","포함됨 (160/160)","정상 (5개)","정상 (Chain 0)","없음"
"138","/chungbuk/cheongju-si/factory-floor-cleaning","충북 청주시","공장바닥청소","200","1개 (정상)","정상","정상","정상","정상 (Self)","index, follow (정상)","연결됨","포함됨 (160/160)","정상 (5개)","정상 (Chain 0)","없음"
"139","/chungbuk/cheongju-si/factory-move-cleaning","충북 청주시","공장이전청소","200","1개 (정상)","정상","정상","정상","정상 (Self)","index, follow (정상)","연결됨","포함됨 (160/160)","정상 (5개)","정상 (Chain 0)","없음"
"140","/chungbuk/cheongju-si/factory-exterior-panel-cleaning","충북 청주시","공장외벽판넬청소","200","1개 (정상)","정상","정상","정상","정상 (Self)","index, follow (정상)","연결됨","포함됨 (160/160)","정상 (5개)","정상 (Chain 0)","없음"
"141","/chungnam/cheonan-si/food-factory-cleaning","충남 천안시","식품공장청소","200","1개 (정상)","정상","정상","정상","정상 (Self)","index, follow (정상)","연결됨","포함됨 (160/160)","정상 (5개)","정상 (Chain 0)","없음"
"142","/chungnam/cheonan-si/haccp-factory-cleaning","충남 천안시","해썹공장청소","200","1개 (정상)","정상","정상","정상","정상 (Self)","index, follow (정상)","연결됨","포함됨 (160/160)","정상 (5개)","정상 (Chain 0)","없음"
"143","/chungnam/cheonan-si/factory-hygiene-cleaning","충남 천안시","공장위생청소","200","1개 (정상)","정상","정상","정상","정상 (Self)","index, follow (정상)","연결됨","포함됨 (160/160)","정상 (5개)","정상 (Chain 0)","없음"
"144","/chungnam/cheonan-si/factory-mold-removal","충남 천안시","공장곰팡이제거","200","1개 (정상)","정상","정상","정상","정상 (Self)","index, follow (정상)","연결됨","포함됨 (160/160)","정상 (5개)","정상 (Chain 0)","없음"
"145","/chungnam/cheonan-si/warehouse-mold-cleaning","충남 천안시","물류창고곰팡이청소","200","1개 (정상)","정상","정상","정상","정상 (Self)","index, follow (정상)","연결됨","포함됨 (160/160)","정상 (5개)","정상 (Chain 0)","없음"
"146","/chungnam/cheonan-si/factory-diffuser-cleaning","충남 천안시","공장디퓨저청소","200","1개 (정상)","정상","정상","정상","정상 (Self)","index, follow (정상)","연결됨","포함됨 (160/160)","정상 (5개)","정상 (Chain 0)","없음"
"147","/chungnam/cheonan-si/vent-cleaning","충남 천안시","환기구청소","200","1개 (정상)","정상","정상","정상","정상 (Self)","index, follow (정상)","연결됨","포함됨 (160/160)","정상 (5개)","정상 (Chain 0)","없음"
"148","/chungnam/cheonan-si/factory-floor-cleaning","충남 천안시","공장바닥청소","200","1개 (정상)","정상","정상","정상","정상 (Self)","index, follow (정상)","연결됨","포함됨 (160/160)","정상 (5개)","정상 (Chain 0)","없음"
"149","/chungnam/cheonan-si/factory-move-cleaning","충남 천안시","공장이전청소","200","1개 (정상)","정상","정상","정상","정상 (Self)","index, follow (정상)","연결됨","포함됨 (160/160)","정상 (5개)","정상 (Chain 0)","없음"
"150","/chungnam/cheonan-si/factory-exterior-panel-cleaning","충남 천안시","공장외벽판넬청소","200","1개 (정상)","정상","정상","정상","정상 (Self)","index, follow (정상)","연결됨","포함됨 (160/160)","정상 (5개)","정상 (Chain 0)","없음"
"151","/chungnam/asan-si/food-factory-cleaning","충남 아산시","식품공장청소","200","1개 (정상)","정상","정상","정상","정상 (Self)","index, follow (정상)","연결됨","포함됨 (160/160)","정상 (5개)","정상 (Chain 0)","없음"
"152","/chungnam/asan-si/haccp-factory-cleaning","충남 아산시","해썹공장청소","200","1개 (정상)","정상","정상","정상","정상 (Self)","index, follow (정상)","연결됨","포함됨 (160/160)","정상 (5개)","정상 (Chain 0)","없음"
"153","/chungnam/asan-si/factory-hygiene-cleaning","충남 아산시","공장위생청소","200","1개 (정상)","정상","정상","정상","정상 (Self)","index, follow (정상)","연결됨","포함됨 (160/160)","정상 (5개)","정상 (Chain 0)","없음"
"154","/chungnam/asan-si/factory-mold-removal","충남 아산시","공장곰팡이제거","200","1개 (정상)","정상","정상","정상","정상 (Self)","index, follow (정상)","연결됨","포함됨 (160/160)","정상 (5개)","정상 (Chain 0)","없음"
"155","/chungnam/asan-si/warehouse-mold-cleaning","충남 아산시","물류창고곰팡이청소","200","1개 (정상)","정상","정상","정상","정상 (Self)","index, follow (정상)","연결됨","포함됨 (160/160)","정상 (5개)","정상 (Chain 0)","없음"
"156","/chungnam/asan-si/factory-diffuser-cleaning","충남 아산시","공장디퓨저청소","200","1개 (정상)","정상","정상","정상","정상 (Self)","index, follow (정상)","연결됨","포함됨 (160/160)","정상 (5개)","정상 (Chain 0)","없음"
"157","/chungnam/asan-si/vent-cleaning","충남 아산시","환기구청소","200","1개 (정상)","정상","정상","정상","정상 (Self)","index, follow (정상)","연결됨","포함됨 (160/160)","정상 (5개)","정상 (Chain 0)","없음"
"158","/chungnam/asan-si/factory-floor-cleaning","충남 아산시","공장바닥청소","200","1개 (정상)","정상","정상","정상","정상 (Self)","index, follow (정상)","연결됨","포함됨 (160/160)","정상 (5개)","정상 (Chain 0)","없음"
"159","/chungnam/asan-si/factory-move-cleaning","충남 아산시","공장이전청소","200","1개 (정상)","정상","정상","정상","정상 (Self)","index, follow (정상)","연결됨","포함됨 (160/160)","정상 (5개)","정상 (Chain 0)","없음"
"160","/chungnam/asan-si/factory-exterior-panel-cleaning","충남 아산시","공장외벽판넬청소","200","1개 (정상)","정상","정상","정상","정상 (Self)","index, follow (정상)","연결됨","포함됨 (160/160)","정상 (5개)","정상 (Chain 0)","없음"