번호,URL,지역,작업,HTTP,Title,Description,H1,Canonical,Robots,Hub,Sitemap,FAQ,Fallback,오류내용
1,https://www.moduclean.co.kr/incheon/namdong/food-factory-cleaning,남동구,식품공장청소,200,"남동구 식품공장청소 | 식품공장 고온 스팀 위생 세척 - 모두종합환경","남동구 식품공장청소 상담. 식품 가공실 및 육가공 생산 라인의 잔여 부산물, 찌든 기름 슬러지, 트렌치 악취 요소를 고온 온수 스팀 공정으로 세척합니다. 현장 상태에 맞춰 안내합니다.",남동구 식품공장청소,https://www.moduclean.co.kr/incheon/namdong/food-factory-cleaning,index, follow,Y,Y,5,N,없음
2,https://www.moduclean.co.kr/incheon/namdong/haccp-factory-cleaning,남동구,해썹공장청소,200,"남동구 해썹공장청소 | HACCP 지정 규격 위생 살균 청소 - 모두종합환경","남동구 해썹공장청소 상담. HACCP 위생 인증 기준에 부합하도록 교차 오염 요소를 사전 차단하고, 천장 빔 구조체 먼지 진공 포집 및 린스를 진행합니다. 현장 상태에 맞춰 안내합니다.",남동구 해썹공장청소,https://www.moduclean.co.kr/incheon/namdong/haccp-factory-cleaning,index, follow,Y,Y,5,N,없음
3,https://www.moduclean.co.kr/incheon/namdong/factory-hygiene-cleaning,남동구,공장위생청소,200,"남동구 공장위생청소 | 제조 현장 분진 및 고착 먼지 제거 - 모두종합환경","남동구 공장위생청소 상담. 부품 제조 및 사출 가공 구역에 누적되는 정밀 유해 철가루와 원료 분말을 특수 필터 집진기로 남김없이 소인합니다. 현장 상태에 맞춰 안내합니다.",남동구 공장위생청소,https://www.moduclean.co.kr/incheon/namdong/factory-hygiene-cleaning,index, follow,Y,Y,5,N,없음
4,https://www.moduclean.co.kr/incheon/namdong/factory-mold-removal,남동구,공장곰팡이제거,200,"남동구 공장곰팡이제거 | 공장 벽면 및 구조물 곰팡이 박멸 - 모두종합환경","남동구 공장곰팡이제거 상담. 다습한 공장 벽체와 철골조 틈새에 고착된 검은 곰팡이를 침투형 약품으로 사멸시키고 방균 코팅으로 예방합니다. 현장 상태에 맞춰 안내합니다.",남동구 공장곰팡이제거,https://www.moduclean.co.kr/incheon/namdong/factory-mold-removal,index, follow,Y,Y,5,N,없음
5,https://www.moduclean.co.kr/incheon/namdong/warehouse-mold-cleaning,남동구,물류창고곰팡이청소,200,"남동구 물류창고곰팡이청소 | 물류창고 랙 및 벽체 곰팡이 살균 - 모두종합환경","남동구 물류창고곰팡이청소 상담. 의류 및 자재 창고 결로 지역 벽면의 곰팡이를 정밀 소독 닦기하고, 공간 전체 오존 살포로 묵은 악취를 제거합니다. 현장 상태에 맞춰 안내합니다.",남동구 물류창고곰팡이청소,https://www.moduclean.co.kr/incheon/namdong/warehouse-mold-cleaning,index, follow,Y,Y,5,N,없음
6,https://www.moduclean.co.kr/incheon/namdong/factory-diffuser-cleaning,남동구,공장디퓨저청소,200,"남동구 공장디퓨저청소 | 천장 디퓨저 그릴 탈거 분해 세척 - 모두종합환경","남동구 공장디퓨저청소 상담. 급배기용 천장 디퓨저 커버를 완전 탈거하여 바닥에서 고압 온수 세척하고 주변 변색 텍스 표면을 정밀 소인합니다. 현장 상태에 맞춰 안내합니다.",남동구 공장디퓨저청소,https://www.moduclean.co.kr/incheon/namdong/factory-diffuser-cleaning,index, follow,Y,Y,5,N,없음
7,https://www.moduclean.co.kr/incheon/namdong/vent-cleaning,남동구,환기구청소,200,"남동구 환기구청소 | 환기 그릴 및 루버창 고압 물 청소 - 모두종합환경","남동구 환기구청소 상담. 대형 환기창 루버창 날개 틈새에 고착된 고밀도 매연 기름 먼지를 스카이 고소 장비와 고압 살수 공정으로 세정합니다. 현장 상태에 맞춰 안내합니다.",남동구 환기구청소,https://www.moduclean.co.kr/incheon/namdong/vent-cleaning,index, follow,Y,Y,5,N,없음
8,https://www.moduclean.co.kr/incheon/namdong/factory-floor-cleaning,남동구,공장바닥청소,200,"남동구 공장바닥청소 | 바닥 기름때 및 스키드 마크 기계 박리 - 모두종합환경","남동구 공장바닥청소 상담. 작업장 에폭시 바닥의 미끄러운 유압 오일막과 지게차 검은 스키드 마크를 전용 유화제와 대형 회전 스크러버로 박리합니다. 현장 상태에 맞춰 안내합니다.",남동구 공장바닥청소,https://www.moduclean.co.kr/incheon/namdong/factory-floor-cleaning,index, follow,Y,Y,5,N,없음
9,https://www.moduclean.co.kr/incheon/namdong/factory-move-cleaning,남동구,공장이전청소,200,"남동구 공장이전청소 | 공장 이전 전후 설비 흔적 및 오일 세정 - 모두종합환경","남동구 공장이전청소 상담. 공장 이전 완료 후 기계 반출 자리에 남은 묵은 볼트 홀 먼지, 오일 찌꺼기, 원상 복구를 위한 실내 폐기물 처리를 도맡습니다. 현장 상태에 맞춰 안내합니다.",남동구 공장이전청소,https://www.moduclean.co.kr/incheon/namdong/factory-move-cleaning,index, follow,Y,Y,5,N,없음
10,https://www.moduclean.co.kr/incheon/namdong/factory-exterior-panel-cleaning,남동구,공장외벽판넬청소,200,"남동구 공장외벽판넬청소 | 공장 외벽 샌드위치 판넬 고압 세정 - 모두종합환경","남동구 공장외벽판넬청소 상담. 조립식 샌드위치 판넬 외벽의 눈물 자국 얼룩과 매연 먼지를 판넬 도장 부식 없이 외부 스카이차에서 고압 살수합니다. 현장 상태에 맞춰 안내합니다.",남동구 공장외벽판넬청소,https://www.moduclean.co.kr/incheon/namdong/factory-exterior-panel-cleaning,index, follow,Y,Y,5,N,없음
11,https://www.moduclean.co.kr/gyeonggi/paju-si/food-factory-cleaning,파주시,식품공장청소,200,"파주시 식품공장청소 | 식품공장 고온 스팀 위생 세척 - 모두종합환경","파주시 식품공장청소 상담. 식품 가공실 및 육가공 생산 라인의 잔여 부산물, 찌든 기름 슬러지, 트렌치 악취 요소를 고온 온수 스팀 공정으로 세척합니다. 현장 상태에 맞춰 안내합니다.",파주시 식품공장청소,https://www.moduclean.co.kr/gyeonggi/paju-si/food-factory-cleaning,index, follow,Y,Y,5,N,없음
12,https://www.moduclean.co.kr/gyeonggi/paju-si/haccp-factory-cleaning,파주시,해썹공장청소,200,"파주시 해썹공장청소 | HACCP 지정 규격 위생 살균 청소 - 모두종합환경","파주시 해썹공장청소 상담. HACCP 위생 인증 기준에 부합하도록 교차 오염 요소를 사전 차단하고, 천장 빔 구조체 먼지 진공 포집 및 린스를 진행합니다. 현장 상태에 맞춰 안내합니다.",파주시 해썹공장청소,https://www.moduclean.co.kr/gyeonggi/paju-si/haccp-factory-cleaning,index, follow,Y,Y,5,N,없음
13,https://www.moduclean.co.kr/gyeonggi/paju-si/factory-hygiene-cleaning,파주시,공장위생청소,200,"파주시 공장위생청소 | 제조 현장 분진 및 고착 먼지 제거 - 모두종합환경","파주시 공장위생청소 상담. 부품 제조 및 사출 가공 구역에 누적되는 정밀 유해 철가루와 원료 분말을 특수 필터 집진기로 남김없이 소인합니다. 현장 상태에 맞춰 안내합니다.",파주시 공장위생청소,https://www.moduclean.co.kr/gyeonggi/paju-si/factory-hygiene-cleaning,index, follow,Y,Y,5,N,없음
14,https://www.moduclean.co.kr/gyeonggi/paju-si/factory-mold-removal,파주시,공장곰팡이제거,200,"파주시 공장곰팡이제거 | 공장 벽면 및 구조물 곰팡이 박멸 - 모두종합환경","파주시 공장곰팡이제거 상담. 다습한 공장 벽체와 철골조 틈새에 고착된 검은 곰팡이를 침투형 약품으로 사멸시키고 방균 코팅으로 예방합니다. 현장 상태에 맞춰 안내합니다.",파주시 공장곰팡이제거,https://www.moduclean.co.kr/gyeonggi/paju-si/factory-mold-removal,index, follow,Y,Y,5,N,없음
15,https://www.moduclean.co.kr/gyeonggi/paju-si/warehouse-mold-cleaning,파주시,물류창고곰팡이청소,200,"파주시 물류창고곰팡이청소 | 물류창고 랙 및 벽체 곰팡이 살균 - 모두종합환경","파주시 물류창고곰팡이청소 상담. 의류 및 자재 창고 결로 지역 벽면의 곰팡이를 정밀 소독 닦기하고, 공간 전체 오존 살포로 묵은 악취를 제거합니다. 현장 상태에 맞춰 안내합니다.",파주시 물류창고곰팡이청소,https://www.moduclean.co.kr/gyeonggi/paju-si/warehouse-mold-cleaning,index, follow,Y,Y,5,N,없음
16,https://www.moduclean.co.kr/gyeonggi/paju-si/factory-diffuser-cleaning,파주시,공장디퓨저청소,200,"파주시 공장디퓨저청소 | 천장 디퓨저 그릴 탈거 분해 세척 - 모두종합환경","파주시 공장디퓨저청소 상담. 급배기용 천장 디퓨저 커버를 완전 탈거하여 바닥에서 고압 온수 세척하고 주변 변색 텍스 표면을 정밀 소인합니다. 현장 상태에 맞춰 안내합니다.",파주시 공장디퓨저청소,https://www.moduclean.co.kr/gyeonggi/paju-si/factory-diffuser-cleaning,index, follow,Y,Y,5,N,없음
17,https://www.moduclean.co.kr/gyeonggi/paju-si/vent-cleaning,파주시,환기구청소,200,"파주시 환기구청소 | 환기 그릴 및 루버창 고압 물 청소 - 모두종합환경","파주시 환기구청소 상담. 대형 환기창 루버창 날개 틈새에 고착된 고밀도 매연 기름 먼지를 스카이 고소 장비와 고압 살수 공정으로 세정합니다. 현장 상태에 맞춰 안내합니다.",파주시 환기구청소,https://www.moduclean.co.kr/gyeonggi/paju-si/vent-cleaning,index, follow,Y,Y,5,N,없음
18,https://www.moduclean.co.kr/gyeonggi/paju-si/factory-floor-cleaning,파주시,공장바닥청소,200,"파주시 공장바닥청소 | 바닥 기름때 및 스키드 마크 기계 박리 - 모두종합환경","파주시 공장바닥청소 상담. 작업장 에폭시 바닥의 미끄러운 유압 오일막과 지게차 검은 스키드 마크를 전용 유화제와 대형 회전 스크러버로 박리합니다. 현장 상태에 맞춰 안내합니다.",파주시 공장바닥청소,https://www.moduclean.co.kr/gyeonggi/paju-si/factory-floor-cleaning,index, follow,Y,Y,5,N,없음
19,https://www.moduclean.co.kr/gyeonggi/paju-si/factory-move-cleaning,파주시,공장이전청소,200,"파주시 공장이전청소 | 공장 이전 전후 설비 흔적 및 오일 세정 - 모두종합환경","파주시 공장이전청소 상담. 공장 이전 완료 후 기계 반출 자리에 남은 묵은 볼트 홀 먼지, 오일 찌꺼기, 원상 복구를 위한 실내 폐기물 처리를 도맡습니다. 현장 상태에 맞춰 안내합니다.",파주시 공장이전청소,https://www.moduclean.co.kr/gyeonggi/paju-si/factory-move-cleaning,index, follow,Y,Y,5,N,없음
20,https://www.moduclean.co.kr/gyeonggi/paju-si/factory-exterior-panel-cleaning,파주시,공장외벽판넬청소,200,"파주시 공장외벽판넬청소 | 공장 외벽 샌드위치 판넬 고압 세정 - 모두종합환경","파주시 공장외벽판넬청소 상담. 조립식 샌드위치 판넬 외벽의 눈물 자국 얼룩과 매연 먼지를 판넬 도장 부식 없이 외부 스카이차에서 고압 살수합니다. 현장 상태에 맞춰 안내합니다.",파주시 공장외벽판넬청소,https://www.moduclean.co.kr/gyeonggi/paju-si/factory-exterior-panel-cleaning,index, follow,Y,Y,5,N,없음
21,https://www.moduclean.co.kr/gyeonggi/yangju-si/food-factory-cleaning,양주시,식품공장청소,200,"양주시 식품공장청소 | 식품공장 고온 스팀 위생 세척 - 모두종합환경","양주시 식품공장청소 상담. 식품 가공실 및 육가공 생산 라인의 잔여 부산물, 찌든 기름 슬러지, 트렌치 악취 요소를 고온 온수 스팀 공정으로 세척합니다. 현장 상태에 맞춰 안내합니다.",양주시 식품공장청소,https://www.moduclean.co.kr/gyeonggi/yangju-si/food-factory-cleaning,index, follow,Y,Y,5,N,없음
22,https://www.moduclean.co.kr/gyeonggi/yangju-si/haccp-factory-cleaning,양주시,해썹공장청소,200,"양주시 해썹공장청소 | HACCP 지정 규격 위생 살균 청소 - 모두종합환경","양주시 해썹공장청소 상담. HACCP 위생 인증 기준에 부합하도록 교차 오염 요소를 사전 차단하고, 천장 빔 구조체 먼지 진공 포집 및 린스를 진행합니다. 현장 상태에 맞춰 안내합니다.",양주시 해썹공장청소,https://www.moduclean.co.kr/gyeonggi/yangju-si/haccp-factory-cleaning,index, follow,Y,Y,5,N,없음
23,https://www.moduclean.co.kr/gyeonggi/yangju-si/factory-hygiene-cleaning,양주시,공장위생청소,200,"양주시 공장위생청소 | 제조 현장 분진 및 고착 먼지 제거 - 모두종합환경","양주시 공장위생청소 상담. 부품 제조 및 사출 가공 구역에 누적되는 정밀 유해 철가루와 원료 분말을 특수 필터 집진기로 남김없이 소인합니다. 현장 상태에 맞춰 안내합니다.",양주시 공장위생청소,https://www.moduclean.co.kr/gyeonggi/yangju-si/factory-hygiene-cleaning,index, follow,Y,Y,5,N,없음
24,https://www.moduclean.co.kr/gyeonggi/yangju-si/factory-mold-removal,양주시,공장곰팡이제거,200,"양주시 공장곰팡이제거 | 공장 벽면 및 구조물 곰팡이 박멸 - 모두종합환경","양주시 공장곰팡이제거 상담. 다습한 공장 벽체와 철골조 틈새에 고착된 검은 곰팡이를 침투형 약품으로 사멸시키고 방균 코팅으로 예방합니다. 현장 상태에 맞춰 안내합니다.",양주시 공장곰팡이제거,https://www.moduclean.co.kr/gyeonggi/yangju-si/factory-mold-removal,index, follow,Y,Y,5,N,없음
25,https://www.moduclean.co.kr/gyeonggi/yangju-si/warehouse-mold-cleaning,양주시,물류창고곰팡이청소,200,"양주시 물류창고곰팡이청소 | 물류창고 랙 및 벽체 곰팡이 살균 - 모두종합환경","양주시 물류창고곰팡이청소 상담. 의류 및 자재 창고 결로 지역 벽면의 곰팡이를 정밀 소독 닦기하고, 공간 전체 오존 살포로 묵은 악취를 제거합니다. 현장 상태에 맞춰 안내합니다.",양주시 물류창고곰팡이청소,https://www.moduclean.co.kr/gyeonggi/yangju-si/warehouse-mold-cleaning,index, follow,Y,Y,5,N,없음
26,https://www.moduclean.co.kr/gyeonggi/yangju-si/factory-diffuser-cleaning,양주시,공장디퓨저청소,200,"양주시 공장디퓨저청소 | 천장 디퓨저 그릴 탈거 분해 세척 - 모두종합환경","양주시 공장디퓨저청소 상담. 급배기용 천장 디퓨저 커버를 완전 탈거하여 바닥에서 고압 온수 세척하고 주변 변색 텍스 표면을 정밀 소인합니다. 현장 상태에 맞춰 안내합니다.",양주시 공장디퓨저청소,https://www.moduclean.co.kr/gyeonggi/yangju-si/factory-diffuser-cleaning,index, follow,Y,Y,5,N,없음
27,https://www.moduclean.co.kr/gyeonggi/yangju-si/vent-cleaning,양주시,환기구청소,200,"양주시 환기구청소 | 환기 그릴 및 루버창 고압 물 청소 - 모두종합환경","양주시 환기구청소 상담. 대형 환기창 루버창 날개 틈새에 고착된 고밀도 매연 기름 먼지를 스카이 고소 장비와 고압 살수 공정으로 세정합니다. 현장 상태에 맞춰 안내합니다.",양주시 환기구청소,https://www.moduclean.co.kr/gyeonggi/yangju-si/vent-cleaning,index, follow,Y,Y,5,N,없음
28,https://www.moduclean.co.kr/gyeonggi/yangju-si/factory-floor-cleaning,양주시,공장바닥청소,200,"양주시 공장바닥청소 | 바닥 기름때 및 스키드 마크 기계 박리 - 모두종합환경","양주시 공장바닥청소 상담. 작업장 에폭시 바닥의 미끄러운 유압 오일막과 지게차 검은 스키드 마크를 전용 유화제와 대형 회전 스크러버로 박리합니다. 현장 상태에 맞춰 안내합니다.",양주시 공장바닥청소,https://www.moduclean.co.kr/gyeonggi/yangju-si/factory-floor-cleaning,index, follow,Y,Y,5,N,없음
29,https://www.moduclean.co.kr/gyeonggi/yangju-si/factory-move-cleaning,양주시,공장이전청소,200,"양주시 공장이전청소 | 공장 이전 전후 설비 흔적 및 오일 세정 - 모두종합환경","양주시 공장이전청소 상담. 공장 이전 완료 후 기계 반출 자리에 남은 묵은 볼트 홀 먼지, 오일 찌꺼기, 원상 복구를 위한 실내 폐기물 처리를 도맡습니다. 현장 상태에 맞춰 안내합니다.",양주시 공장이전청소,https://www.moduclean.co.kr/gyeonggi/yangju-si/factory-move-cleaning,index, follow,Y,Y,5,N,없음
30,https://www.moduclean.co.kr/gyeonggi/yangju-si/factory-exterior-panel-cleaning,양주시,공장외벽판넬청소,200,"양주시 공장외벽판넬청소 | 공장 외벽 샌드위치 판넬 고압 세정 - 모두종합환경","양주시 공장외벽판넬청소 상담. 조립식 샌드위치 판넬 외벽의 눈물 자국 얼룩과 매연 먼지를 판넬 도장 부식 없이 외부 스카이차에서 고압 살수합니다. 현장 상태에 맞춰 안내합니다.",양주시 공장외벽판넬청소,https://www.moduclean.co.kr/gyeonggi/yangju-si/factory-exterior-panel-cleaning,index, follow,Y,Y,5,N,없음
31,https://www.moduclean.co.kr/gyeonggi/gwangju-si-si/food-factory-cleaning,광주시,식품공장청소,200,"경기 광주시 식품공장청소 | 식품공장 고온 스팀 위생 세척 - 모두종합환경","경기 광주시 식품공장청소 상담. 식품 가공실 및 육가공 생산 라인의 잔여 부산물, 찌든 기름 슬러지, 트렌치 악취 요소를 고온 온수 스팀 공정으로 세척합니다. 현장 상태에 맞춰 안내합니다.",광주시 식품공장청소,https://www.moduclean.co.kr/gyeonggi/gwangju-si-si/food-factory-cleaning,index, follow,Y,Y,5,N,없음
32,https://www.moduclean.co.kr/gyeonggi/gwangju-si-si/haccp-factory-cleaning,광주시,해썹공장청소,200,"경기 광주시 해썹공장청소 | HACCP 지정 규격 위생 살균 청소 - 모두종합환경","경기 광주시 해썹공장청소 상담. HACCP 위생 인증 기준에 부합하도록 교차 오염 요소를 사전 차단하고, 천장 빔 구조체 먼지 진공 포집 및 린스를 진행합니다. 현장 상태에 맞춰 안내합니다.",광주시 해썹공장청소,https://www.moduclean.co.kr/gyeonggi/gwangju-si-si/haccp-factory-cleaning,index, follow,Y,Y,5,N,없음
33,https://www.moduclean.co.kr/gyeonggi/gwangju-si-si/factory-hygiene-cleaning,광주시,공장위생청소,200,"경기 광주시 공장위생청소 | 제조 현장 분진 및 고착 먼지 제거 - 모두종합환경","경기 광주시 공장위생청소 상담. 부품 제조 및 사출 가공 구역에 누적되는 정밀 유해 철가루와 원료 분말을 특수 필터 집진기로 남김없이 소인합니다. 현장 상태에 맞춰 안내합니다.",광주시 공장위생청소,https://www.moduclean.co.kr/gyeonggi/gwangju-si-si/factory-hygiene-cleaning,index, follow,Y,Y,5,N,없음
34,https://www.moduclean.co.kr/gyeonggi/gwangju-si-si/factory-mold-removal,광주시,공장곰팡이제거,200,"경기 광주시 공장곰팡이제거 | 공장 벽면 및 구조물 곰팡이 박멸 - 모두종합환경","경기 광주시 공장곰팡이제거 상담. 다습한 공장 벽체와 철골조 틈새에 고착된 검은 곰팡이를 침투형 약품으로 사멸시키고 방균 코팅으로 예방합니다. 현장 상태에 맞춰 안내합니다.",광주시 공장곰팡이제거,https://www.moduclean.co.kr/gyeonggi/gwangju-si-si/factory-mold-removal,index, follow,Y,Y,5,N,없음
35,https://www.moduclean.co.kr/gyeonggi/gwangju-si-si/warehouse-mold-cleaning,광주시,물류창고곰팡이청소,200,"경기 광주시 물류창고곰팡이청소 | 물류창고 랙 및 벽체 곰팡이 살균 - 모두종합환경","경기 광주시 물류창고곰팡이청소 상담. 의류 및 자재 창고 결로 지역 벽면의 곰팡이를 정밀 소독 닦기하고, 공간 전체 오존 살포로 묵은 악취를 제거합니다. 현장 상태에 맞춰 안내합니다.",광주시 물류창고곰팡이청소,https://www.moduclean.co.kr/gyeonggi/gwangju-si-si/warehouse-mold-cleaning,index, follow,Y,Y,5,N,없음
36,https://www.moduclean.co.kr/gyeonggi/gwangju-si-si/factory-diffuser-cleaning,광주시,공장디퓨저청소,200,"경기 광주시 공장디퓨저청소 | 천장 디퓨저 그릴 탈거 분해 세척 - 모두종합환경","경기 광주시 공장디퓨저청소 상담. 급배기용 천장 디퓨저 커버를 완전 탈거하여 바닥에서 고압 온수 세척하고 주변 변색 텍스 표면을 정밀 소인합니다. 현장 상태에 맞춰 안내합니다.",광주시 공장디퓨저청소,https://www.moduclean.co.kr/gyeonggi/gwangju-si-si/factory-diffuser-cleaning,index, follow,Y,Y,5,N,없음
37,https://www.moduclean.co.kr/gyeonggi/gwangju-si-si/vent-cleaning,광주시,환기구청소,200,"경기 광주시 환기구청소 | 환기 그릴 및 루버창 고압 물 청소 - 모두종합환경","경기 광주시 환기구청소 상담. 대형 환기창 루버창 날개 틈새에 고착된 고밀도 매연 기름 먼지를 스카이 고소 장비와 고압 살수 공정으로 세정합니다. 현장 상태에 맞춰 안내합니다.",광주시 환기구청소,https://www.moduclean.co.kr/gyeonggi/gwangju-si-si/vent-cleaning,index, follow,Y,Y,5,N,없음
38,https://www.moduclean.co.kr/gyeonggi/gwangju-si-si/factory-floor-cleaning,광주시,공장바닥청소,200,"경기 광주시 공장바닥청소 | 바닥 기름때 및 스키드 마크 기계 박리 - 모두종합환경","경기 광주시 공장바닥청소 상담. 작업장 에폭시 바닥의 미끄러운 유압 오일막과 지게차 검은 스키드 마크를 전용 유화제와 대형 회전 스크러버로 박리합니다. 현장 상태에 맞춰 안내합니다.",광주시 공장바닥청소,https://www.moduclean.co.kr/gyeonggi/gwangju-si-si/factory-floor-cleaning,index, follow,Y,Y,5,N,없음
39,https://www.moduclean.co.kr/gyeonggi/gwangju-si-si/factory-move-cleaning,광주시,공장이전청소,200,"경기 광주시 공장이전청소 | 공장 이전 전후 설비 흔적 및 오일 세정 - 모두종합환경","경기 광주시 공장이전청소 상담. 공장 이전 완료 후 기계 반출 자리에 남은 묵은 볼트 홀 먼지, 오일 찌꺼기, 원상 복구를 위한 실내 폐기물 처리를 도맡습니다. 현장 상태에 맞춰 안내합니다.",광주시 공장이전청소,https://www.moduclean.co.kr/gyeonggi/gwangju-si-si/factory-move-cleaning,index, follow,Y,Y,5,N,없음
40,https://www.moduclean.co.kr/gyeonggi/gwangju-si-si/factory-exterior-panel-cleaning,광주시,공장외벽판넬청소,200,"경기 광주시 공장외벽판넬청소 | 공장 외벽 샌드위치 판넬 고압 세정 - 모두종합환경","경기 광주시 공장외벽판넬청소 상담. 조립식 샌드위치 판넬 외벽의 눈물 자국 얼룩과 매연 먼지를 판넬 도장 부식 없이 외부 스카이차에서 고압 살수합니다. 현장 상태에 맞춰 안내합니다.",광주시 공장외벽판넬청소,https://www.moduclean.co.kr/gyeonggi/gwangju-si-si/factory-exterior-panel-cleaning,index, follow,Y,Y,5,N,없음
41,https://www.moduclean.co.kr/gyeonggi/icheon-si/food-factory-cleaning,이천시,식품공장청소,200,"이천시 식품공장청소 | 식품공장 고온 스팀 위생 세척 - 모두종합환경","이천시 식품공장청소 상담. 식품 가공실 및 육가공 생산 라인의 잔여 부산물, 찌든 기름 슬러지, 트렌치 악취 요소를 고온 온수 스팀 공정으로 세척합니다. 현장 상태에 맞춰 안내합니다.",이천시 식품공장청소,https://www.moduclean.co.kr/gyeonggi/icheon-si/food-factory-cleaning,index, follow,Y,Y,5,N,없음
42,https://www.moduclean.co.kr/gyeonggi/icheon-si/haccp-factory-cleaning,이천시,해썹공장청소,200,"이천시 해썹공장청소 | HACCP 지정 규격 위생 살균 청소 - 모두종합환경","이천시 해썹공장청소 상담. HACCP 위생 인증 기준에 부합하도록 교차 오염 요소를 사전 차단하고, 천장 빔 구조체 먼지 진공 포집 및 린스를 진행합니다. 현장 상태에 맞춰 안내합니다.",이천시 해썹공장청소,https://www.moduclean.co.kr/gyeonggi/icheon-si/haccp-factory-cleaning,index, follow,Y,Y,5,N,없음
43,https://www.moduclean.co.kr/gyeonggi/icheon-si/factory-hygiene-cleaning,이천시,공장위생청소,200,"이천시 공장위생청소 | 제조 현장 분진 및 고착 먼지 제거 - 모두종합환경","이천시 공장위생청소 상담. 부품 제조 및 사출 가공 구역에 누적되는 정밀 유해 철가루와 원료 분말을 특수 필터 집진기로 남김없이 소인합니다. 현장 상태에 맞춰 안내합니다.",이천시 공장위생청소,https://www.moduclean.co.kr/gyeonggi/icheon-si/factory-hygiene-cleaning,index, follow,Y,Y,5,N,없음
44,https://www.moduclean.co.kr/gyeonggi/icheon-si/factory-mold-removal,이천시,공장곰팡이제거,200,"이천시 공장곰팡이제거 | 공장 벽면 및 구조물 곰팡이 박멸 - 모두종합환경","이천시 공장곰팡이제거 상담. 다습한 공장 벽체와 철골조 틈새에 고착된 검은 곰팡이를 침투형 약품으로 사멸시키고 방균 코팅으로 예방합니다. 현장 상태에 맞춰 안내합니다.",이천시 공장곰팡이제거,https://www.moduclean.co.kr/gyeonggi/icheon-si/factory-mold-removal,index, follow,Y,Y,5,N,없음
45,https://www.moduclean.co.kr/gyeonggi/icheon-si/warehouse-mold-cleaning,이천시,물류창고곰팡이청소,200,"이천시 물류창고곰팡이청소 | 물류창고 랙 및 벽체 곰팡이 살균 - 모두종합환경","이천시 물류창고곰팡이청소 상담. 의류 및 자재 창고 결로 지역 벽면의 곰팡이를 정밀 소독 닦기하고, 공간 전체 오존 살포로 묵은 악취를 제거합니다. 현장 상태에 맞춰 안내합니다.",이천시 물류창고곰팡이청소,https://www.moduclean.co.kr/gyeonggi/icheon-si/warehouse-mold-cleaning,index, follow,Y,Y,5,N,없음
46,https://www.moduclean.co.kr/gyeonggi/icheon-si/factory-diffuser-cleaning,이천시,공장디퓨저청소,200,"이천시 공장디퓨저청소 | 천장 디퓨저 그릴 탈거 분해 세척 - 모두종합환경","이천시 공장디퓨저청소 상담. 급배기용 천장 디퓨저 커버를 완전 탈거하여 바닥에서 고압 온수 세척하고 주변 변색 텍스 표면을 정밀 소인합니다. 현장 상태에 맞춰 안내합니다.",이천시 공장디퓨저청소,https://www.moduclean.co.kr/gyeonggi/icheon-si/factory-diffuser-cleaning,index, follow,Y,Y,5,N,없음
47,https://www.moduclean.co.kr/gyeonggi/icheon-si/vent-cleaning,이천시,환기구청소,200,"이천시 환기구청소 | 환기 그릴 및 루버창 고압 물 청소 - 모두종합환경","이천시 환기구청소 상담. 대형 환기창 루버창 날개 틈새에 고착된 고밀도 매연 기름 먼지를 스카이 고소 장비와 고압 살수 공정으로 세정합니다. 현장 상태에 맞춰 안내합니다.",이천시 환기구청소,https://www.moduclean.co.kr/gyeonggi/icheon-si/vent-cleaning,index, follow,Y,Y,5,N,없음
48,https://www.moduclean.co.kr/gyeonggi/icheon-si/factory-floor-cleaning,이천시,공장바닥청소,200,"이천시 공장바닥청소 | 바닥 기름때 및 스키드 마크 기계 박리 - 모두종합환경","이천시 공장바닥청소 상담. 작업장 에폭시 바닥의 미끄러운 유압 오일막과 지게차 검은 스키드 마크를 전용 유화제와 대형 회전 스크러버로 박리합니다. 현장 상태에 맞춰 안내합니다.",이천시 공장바닥청소,https://www.moduclean.co.kr/gyeonggi/icheon-si/factory-floor-cleaning,index, follow,Y,Y,5,N,없음
49,https://www.moduclean.co.kr/gyeonggi/icheon-si/factory-move-cleaning,이천시,공장이전청소,200,"이천시 공장이전청소 | 공장 이전 전후 설비 흔적 및 오일 세정 - 모두종합환경","이천시 공장이전청소 상담. 공장 이전 완료 후 기계 반출 자리에 남은 묵은 볼트 홀 먼지, 오일 찌꺼기, 원상 복구를 위한 실내 폐기물 처리를 도맡습니다. 현장 상태에 맞춰 안내합니다.",이천시 공장이전청소,https://www.moduclean.co.kr/gyeonggi/icheon-si/factory-move-cleaning,index, follow,Y,Y,5,N,없음
50,https://www.moduclean.co.kr/gyeonggi/icheon-si/factory-exterior-panel-cleaning,이천시,공장외벽판넬청소,200,"이천시 공장외벽판넬청소 | 공장 외벽 샌드위치 판넬 고압 세정 - 모두종합환경","이천시 공장외벽판넬청소 상담. 조립식 샌드위치 판넬 외벽의 눈물 자국 얼룩과 매연 먼지를 판넬 도장 부식 없이 외부 스카이차에서 고압 살수합니다. 현장 상태에 맞춰 안내합니다.",이천시 공장외벽판넬청소,https://www.moduclean.co.kr/gyeonggi/icheon-si/factory-exterior-panel-cleaning,index, follow,Y,Y,5,N,없음
51,https://www.moduclean.co.kr/gyeonggi/siheung-si/food-factory-cleaning,시흥시,식품공장청소,200,"시흥시 식품공장청소 | 식품공장 고온 스팀 위생 세척 - 모두종합환경","시흥시 식품공장청소 상담. 식품 가공실 및 육가공 생산 라인의 잔여 부산물, 찌든 기름 슬러지, 트렌치 악취 요소를 고온 온수 스팀 공정으로 세척합니다. 현장 상태에 맞춰 안내합니다.",시흥시 식품공장청소,https://www.moduclean.co.kr/gyeonggi/siheung-si/food-factory-cleaning,index, follow,Y,Y,5,N,없음
52,https://www.moduclean.co.kr/gyeonggi/siheung-si/haccp-factory-cleaning,시흥시,해썹공장청소,200,"시흥시 해썹공장청소 | HACCP 지정 규격 위생 살균 청소 - 모두종합환경","시흥시 해썹공장청소 상담. HACCP 위생 인증 기준에 부합하도록 교차 오염 요소를 사전 차단하고, 천장 빔 구조체 먼지 진공 포집 및 린스를 진행합니다. 현장 상태에 맞춰 안내합니다.",시흥시 해썹공장청소,https://www.moduclean.co.kr/gyeonggi/siheung-si/haccp-factory-cleaning,index, follow,Y,Y,5,N,없음
53,https://www.moduclean.co.kr/gyeonggi/siheung-si/factory-hygiene-cleaning,시흥시,공장위생청소,200,"시흥시 공장위생청소 | 제조 현장 분진 및 고착 먼지 제거 - 모두종합환경","시흥시 공장위생청소 상담. 부품 제조 및 사출 가공 구역에 누적되는 정밀 유해 철가루와 원료 분말을 특수 필터 집진기로 남김없이 소인합니다. 현장 상태에 맞춰 안내합니다.",시흥시 공장위생청소,https://www.moduclean.co.kr/gyeonggi/siheung-si/factory-hygiene-cleaning,index, follow,Y,Y,5,N,없음
54,https://www.moduclean.co.kr/gyeonggi/siheung-si/factory-mold-removal,시흥시,공장곰팡이제거,200,"시흥시 공장곰팡이제거 | 공장 벽면 및 구조물 곰팡이 박멸 - 모두종합환경","시흥시 공장곰팡이제거 상담. 다습한 공장 벽체와 철골조 틈새에 고착된 검은 곰팡이를 침투형 약품으로 사멸시키고 방균 코팅으로 예방합니다. 현장 상태에 맞춰 안내합니다.",시흥시 공장곰팡이제거,https://www.moduclean.co.kr/gyeonggi/siheung-si/factory-mold-removal,index, follow,Y,Y,5,N,없음
55,https://www.moduclean.co.kr/gyeonggi/siheung-si/warehouse-mold-cleaning,시흥시,물류창고곰팡이청소,200,"시흥시 물류창고곰팡이청소 | 물류창고 랙 및 벽체 곰팡이 살균 - 모두종합환경","시흥시 물류창고곰팡이청소 상담. 의류 및 자재 창고 결로 지역 벽면의 곰팡이를 정밀 소독 닦기하고, 공간 전체 오존 살포로 묵은 악취를 제거합니다. 현장 상태에 맞춰 안내합니다.",시흥시 물류창고곰팡이청소,https://www.moduclean.co.kr/gyeonggi/siheung-si/warehouse-mold-cleaning,index, follow,Y,Y,5,N,없음
56,https://www.moduclean.co.kr/gyeonggi/siheung-si/factory-diffuser-cleaning,시흥시,공장디퓨저청소,200,"시흥시 공장디퓨저청소 | 천장 디퓨저 그릴 탈거 분해 세척 - 모두종합환경","시흥시 공장디퓨저청소 상담. 급배기용 천장 디퓨저 커버를 완전 탈거하여 바닥에서 고압 온수 세척하고 주변 변색 텍스 표면을 정밀 소인합니다. 현장 상태에 맞춰 안내합니다.",시흥시 공장디퓨저청소,https://www.moduclean.co.kr/gyeonggi/siheung-si/factory-diffuser-cleaning,index, follow,Y,Y,5,N,없음
57,https://www.moduclean.co.kr/gyeonggi/siheung-si/vent-cleaning,시흥시,환기구청소,200,"시흥시 환기구청소 | 환기 그릴 및 루버창 고압 물 청소 - 모두종합환경","시흥시 환기구청소 상담. 대형 환기창 루버창 날개 틈새에 고착된 고밀도 매연 기름 먼지를 스카이 고소 장비와 고압 살수 공정으로 세정합니다. 현장 상태에 맞춰 안내합니다.",시흥시 환기구청소,https://www.moduclean.co.kr/gyeonggi/siheung-si/vent-cleaning,index, follow,Y,Y,5,N,없음
58,https://www.moduclean.co.kr/gyeonggi/siheung-si/factory-floor-cleaning,시흥시,공장바닥청소,200,"시흥시 공장바닥청소 | 바닥 기름때 및 스키드 마크 기계 박리 - 모두종합환경","시흥시 공장바닥청소 상담. 작업장 에폭시 바닥의 미끄러운 유압 오일막과 지게차 검은 스키드 마크를 전용 유화제와 대형 회전 스크러버로 박리합니다. 현장 상태에 맞춰 안내합니다.",시흥시 공장바닥청소,https://www.moduclean.co.kr/gyeonggi/siheung-si/factory-floor-cleaning,index, follow,Y,Y,5,N,없음
59,https://www.moduclean.co.kr/gyeonggi/siheung-si/factory-move-cleaning,시흥시,공장이전청소,200,"시흥시 공장이전청소 | 공장 이전 전후 설비 흔적 및 오일 세정 - 모두종합환경","시흥시 공장이전청소 상담. 공장 이전 완료 후 기계 반출 자리에 남은 묵은 볼트 홀 먼지, 오일 찌꺼기, 원상 복구를 위한 실내 폐기물 처리를 도맡습니다. 현장 상태에 맞춰 안내합니다.",시흥시 공장이전청소,https://www.moduclean.co.kr/gyeonggi/siheung-si/factory-move-cleaning,index, follow,Y,Y,5,N,없음
60,https://www.moduclean.co.kr/gyeonggi/siheung-si/factory-exterior-panel-cleaning,시흥시,공장외벽판넬청소,200,"시흥시 공장외벽판넬청소 | 공장 외벽 샌드위치 판넬 고압 세정 - 모두종합환경","시흥시 공장외벽판넬청소 상담. 조립식 샌드위치 판넬 외벽의 눈물 자국 얼룩과 매연 먼지를 판넬 도장 부식 없이 외부 스카이차에서 고압 살수합니다. 현장 상태에 맞춰 안내합니다.",시흥시 공장외벽판넬청소,https://www.moduclean.co.kr/gyeonggi/siheung-si/factory-exterior-panel-cleaning,index, follow,Y,Y,5,N,없음
61,https://www.moduclean.co.kr/gyeonggi/ansan-si/food-factory-cleaning,안산시,식품공장청소,200,"안산시 식품공장청소 | 식품공장 고온 스팀 위생 세척 - 모두종합환경","안산시 식품공장청소 상담. 식품 가공실 및 육가공 생산 라인의 잔여 부산물, 찌든 기름 슬러지, 트렌치 악취 요소를 고온 온수 스팀 공정으로 세척합니다. 현장 상태에 맞춰 안내합니다.",안산시 식품공장청소,https://www.moduclean.co.kr/gyeonggi/ansan-si/food-factory-cleaning,index, follow,Y,Y,5,N,없음
62,https://www.moduclean.co.kr/gyeonggi/ansan-si/haccp-factory-cleaning,안산시,해썹공장청소,200,"안산시 해썹공장청소 | HACCP 지정 규격 위생 살균 청소 - 모두종합환경","안산시 해썹공장청소 상담. HACCP 위생 인증 기준에 부합하도록 교차 오염 요소를 사전 차단하고, 천장 빔 구조체 먼지 진공 포집 및 린스를 진행합니다. 현장 상태에 맞춰 안내합니다.",안산시 해썹공장청소,https://www.moduclean.co.kr/gyeonggi/ansan-si/haccp-factory-cleaning,index, follow,Y,Y,5,N,없음
63,https://www.moduclean.co.kr/gyeonggi/ansan-si/factory-hygiene-cleaning,안산시,공장위생청소,200,"안산시 공장위생청소 | 제조 현장 분진 및 고착 먼지 제거 - 모두종합환경","안산시 공장위생청소 상담. 부품 제조 및 사출 가공 구역에 누적되는 정밀 유해 철가루와 원료 분말을 특수 필터 집진기로 남김없이 소인합니다. 현장 상태에 맞춰 안내합니다.",안산시 공장위생청소,https://www.moduclean.co.kr/gyeonggi/ansan-si/factory-hygiene-cleaning,index, follow,Y,Y,5,N,없음
64,https://www.moduclean.co.kr/gyeonggi/ansan-si/factory-mold-removal,안산시,공장곰팡이제거,200,"안산시 공장곰팡이제거 | 공장 벽면 및 구조물 곰팡이 박멸 - 모두종합환경","안산시 공장곰팡이제거 상담. 다습한 공장 벽체와 철골조 틈새에 고착된 검은 곰팡이를 침투형 약품으로 사멸시키고 방균 코팅으로 예방합니다. 현장 상태에 맞춰 안내합니다.",안산시 공장곰팡이제거,https://www.moduclean.co.kr/gyeonggi/ansan-si/factory-mold-removal,index, follow,Y,Y,5,N,없음
65,https://www.moduclean.co.kr/gyeonggi/ansan-si/warehouse-mold-cleaning,안산시,물류창고곰팡이청소,200,"안산시 물류창고곰팡이청소 | 물류창고 랙 및 벽체 곰팡이 살균 - 모두종합환경","안산시 물류창고곰팡이청소 상담. 의류 및 자재 창고 결로 지역 벽면의 곰팡이를 정밀 소독 닦기하고, 공간 전체 오존 살포로 묵은 악취를 제거합니다. 현장 상태에 맞춰 안내합니다.",안산시 물류창고곰팡이청소,https://www.moduclean.co.kr/gyeonggi/ansan-si/warehouse-mold-cleaning,index, follow,Y,Y,5,N,없음
66,https://www.moduclean.co.kr/gyeonggi/ansan-si/factory-diffuser-cleaning,안산시,공장디퓨저청소,200,"안산시 공장디퓨저청소 | 천장 디퓨저 그릴 탈거 분해 세척 - 모두종합환경","안산시 공장디퓨저청소 상담. 급배기용 천장 디퓨저 커버를 완전 탈거하여 바닥에서 고압 온수 세척하고 주변 변색 텍스 표면을 정밀 소인합니다. 현장 상태에 맞춰 안내합니다.",안산시 공장디퓨저청소,https://www.moduclean.co.kr/gyeonggi/ansan-si/factory-diffuser-cleaning,index, follow,Y,Y,5,N,없음
67,https://www.moduclean.co.kr/gyeonggi/ansan-si/vent-cleaning,안산시,환기구청소,200,"안산시 환기구청소 | 환기 그릴 및 루버창 고압 물 청소 - 모두종합환경","안산시 환기구청소 상담. 대형 환기창 루버창 날개 틈새에 고착된 고밀도 매연 기름 먼지를 스카이 고소 장비와 고압 살수 공정으로 세정합니다. 현장 상태에 맞춰 안내합니다.",안산시 환기구청소,https://www.moduclean.co.kr/gyeonggi/ansan-si/vent-cleaning,index, follow,Y,Y,5,N,없음
68,https://www.moduclean.co.kr/gyeonggi/ansan-si/factory-floor-cleaning,안산시,공장바닥청소,200,"안산시 공장바닥청소 | 바닥 기름때 및 스키드 마크 기계 박리 - 모두종합환경","안산시 공장바닥청소 상담. 작업장 에폭시 바닥의 미끄러운 유압 오일막과 지게차 검은 스키드 마크를 전용 유화제와 대형 회전 스크러버로 박리합니다. 현장 상태에 맞춰 안내합니다.",안산시 공장바닥청소,https://www.moduclean.co.kr/gyeonggi/ansan-si/factory-floor-cleaning,index, follow,Y,Y,5,N,없음
69,https://www.moduclean.co.kr/gyeonggi/ansan-si/factory-move-cleaning,안산시,공장이전청소,200,"안산시 공장이전청소 | 공장 이전 전후 설비 흔적 및 오일 세정 - 모두종합환경","안산시 공장이전청소 상담. 공장 이전 완료 후 기계 반출 자리에 남은 묵은 볼트 홀 먼지, 오일 찌꺼기, 원상 복구를 위한 실내 폐기물 처리를 도맡습니다. 현장 상태에 맞춰 안내합니다.",안산시 공장이전청소,https://www.moduclean.co.kr/gyeonggi/ansan-si/factory-move-cleaning,index, follow,Y,Y,5,N,없음
70,https://www.moduclean.co.kr/gyeonggi/ansan-si/factory-exterior-panel-cleaning,안산시,공장외벽판넬청소,200,"안산시 공장외벽판넬청소 | 공장 외벽 샌드위치 판넬 고압 세정 - 모두종합환경","안산시 공장외벽판넬청소 상담. 조립식 샌드위치 판넬 외벽의 눈물 자국 얼룩과 매연 먼지를 판넬 도장 부식 없이 외부 스카이차에서 고압 살수합니다. 현장 상태에 맞춰 안내합니다.",안산시 공장외벽판넬청소,https://www.moduclean.co.kr/gyeonggi/ansan-si/factory-exterior-panel-cleaning,index, follow,Y,Y,5,N,없음
71,https://www.moduclean.co.kr/gyeonggi/hwaseong-si/food-factory-cleaning,화성시,식품공장청소,200,"화성시 식품공장청소 | 식품공장 고온 스팀 위생 세척 - 모두종합환경","화성시 식품공장청소 상담. 식품 가공실 및 육가공 생산 라인의 잔여 부산물, 찌든 기름 슬러지, 트렌치 악취 요소를 고온 온수 스팀 공정으로 세척합니다. 현장 상태에 맞춰 안내합니다.",화성시 식품공장청소,https://www.moduclean.co.kr/gyeonggi/hwaseong-si/food-factory-cleaning,index, follow,Y,Y,5,N,없음
72,https://www.moduclean.co.kr/gyeonggi/hwaseong-si/haccp-factory-cleaning,화성시,해썹공장청소,200,"화성시 해썹공장청소 | HACCP 지정 규격 위생 살균 청소 - 모두종합환경","화성시 해썹공장청소 상담. HACCP 위생 인증 기준에 부합하도록 교차 오염 요소를 사전 차단하고, 천장 빔 구조체 먼지 진공 포집 및 린스를 진행합니다. 현장 상태에 맞춰 안내합니다.",화성시 해썹공장청소,https://www.moduclean.co.kr/gyeonggi/hwaseong-si/haccp-factory-cleaning,index, follow,Y,Y,5,N,없음
73,https://www.moduclean.co.kr/gyeonggi/hwaseong-si/factory-hygiene-cleaning,화성시,공장위생청소,200,"화성시 공장위생청소 | 제조 현장 분진 및 고착 먼지 제거 - 모두종합환경","화성시 공장위생청소 상담. 부품 제조 및 사출 가공 구역에 누적되는 정밀 유해 철가루와 원료 분말을 특수 필터 집진기로 남김없이 소인합니다. 현장 상태에 맞춰 안내합니다.",화성시 공장위생청소,https://www.moduclean.co.kr/gyeonggi/hwaseong-si/factory-hygiene-cleaning,index, follow,Y,Y,5,N,없음
74,https://www.moduclean.co.kr/gyeonggi/hwaseong-si/factory-mold-removal,화성시,공장곰팡이제거,200,"화성시 공장곰팡이제거 | 공장 벽면 및 구조물 곰팡이 박멸 - 모두종합환경","화성시 공장곰팡이제거 상담. 다습한 공장 벽체와 철골조 틈새에 고착된 검은 곰팡이를 침투형 약품으로 사멸시키고 방균 코팅으로 예방합니다. 현장 상태에 맞춰 안내합니다.",화성시 공장곰팡이제거,https://www.moduclean.co.kr/gyeonggi/hwaseong-si/factory-mold-removal,index, follow,Y,Y,5,N,없음
75,https://www.moduclean.co.kr/gyeonggi/hwaseong-si/warehouse-mold-cleaning,화성시,물류창고곰팡이청소,200,"화성시 물류창고곰팡이청소 | 물류창고 랙 및 벽체 곰팡이 살균 - 모두종합환경","화성시 물류창고곰팡이청소 상담. 의류 및 자재 창고 결로 지역 벽면의 곰팡이를 정밀 소독 닦기하고, 공간 전체 오존 살포로 묵은 악취를 제거합니다. 현장 상태에 맞춰 안내합니다.",화성시 물류창고곰팡이청소,https://www.moduclean.co.kr/gyeonggi/hwaseong-si/warehouse-mold-cleaning,index, follow,Y,Y,5,N,없음
76,https://www.moduclean.co.kr/gyeonggi/hwaseong-si/factory-diffuser-cleaning,화성시,공장디퓨저청소,200,"화성시 공장디퓨저청소 | 천장 디퓨저 그릴 탈거 분해 세척 - 모두종합환경","화성시 공장디퓨저청소 상담. 급배기용 천장 디퓨저 커버를 완전 탈거하여 바닥에서 고압 온수 세척하고 주변 변색 텍스 표면을 정밀 소인합니다. 현장 상태에 맞춰 안내합니다.",화성시 공장디퓨저청소,https://www.moduclean.co.kr/gyeonggi/hwaseong-si/factory-diffuser-cleaning,index, follow,Y,Y,5,N,없음
77,https://www.moduclean.co.kr/gyeonggi/hwaseong-si/vent-cleaning,화성시,환기구청소,200,"화성시 환기구청소 | 환기 그릴 및 루버창 고압 물 청소 - 모두종합환경","화성시 환기구청소 상담. 대형 환기창 루버창 날개 틈새에 고착된 고밀도 매연 기름 먼지를 스카이 고소 장비와 고압 살수 공정으로 세정합니다. 현장 상태에 맞춰 안내합니다.",화성시 환기구청소,https://www.moduclean.co.kr/gyeonggi/hwaseong-si/vent-cleaning,index, follow,Y,Y,5,N,없음
78,https://www.moduclean.co.kr/gyeonggi/hwaseong-si/factory-floor-cleaning,화성시,공장바닥청소,200,"화성시 공장바닥청소 | 바닥 기름때 및 스키드 마크 기계 박리 - 모두종합환경","화성시 공장바닥청소 상담. 작업장 에폭시 바닥의 미끄러운 유압 오일막과 지게차 검은 스키드 마크를 전용 유화제와 대형 회전 스크러버로 박리합니다. 현장 상태에 맞춰 안내합니다.",화성시 공장바닥청소,https://www.moduclean.co.kr/gyeonggi/hwaseong-si/factory-floor-cleaning,index, follow,Y,Y,5,N,없음
79,https://www.moduclean.co.kr/gyeonggi/hwaseong-si/factory-move-cleaning,화성시,공장이전청소,200,"화성시 공장이전청소 | 공장 이전 전후 설비 흔적 및 오일 세정 - 모두종합환경","화성시 공장이전청소 상담. 공장 이전 완료 후 기계 반출 자리에 남은 묵은 볼트 홀 먼지, 오일 찌꺼기, 원상 복구를 위한 실내 폐기물 처리를 도맡습니다. 현장 상태에 맞춰 안내합니다.",화성시 공장이전청소,https://www.moduclean.co.kr/gyeonggi/hwaseong-si/factory-move-cleaning,index, follow,Y,Y,5,N,없음
80,https://www.moduclean.co.kr/gyeonggi/hwaseong-si/factory-exterior-panel-cleaning,화성시,공장외벽판넬청소,200,"화성시 공장외벽판넬청소 | 공장 외벽 샌드위치 판넬 고압 세정 - 모두종합환경","화성시 공장외벽판넬청소 상담. 조립식 샌드위치 판넬 외벽의 눈물 자국 얼룩과 매연 먼지를 판넬 도장 부식 없이 외부 스카이차에서 고압 살수합니다. 현장 상태에 맞춰 안내합니다.",화성시 공장외벽판넬청소,https://www.moduclean.co.kr/gyeonggi/hwaseong-si/factory-exterior-panel-cleaning,index, follow,Y,Y,5,N,없음
81,https://www.moduclean.co.kr/gyeonggi/pyeongtaek-si/food-factory-cleaning,평택시,식품공장청소,200,"평택시 식품공장청소 | 식품공장 고온 스팀 위생 세척 - 모두종합환경","평택시 식품공장청소 상담. 식품 가공실 및 육가공 생산 라인의 잔여 부산물, 찌든 기름 슬러지, 트렌치 악취 요소를 고온 온수 스팀 공정으로 세척합니다. 현장 상태에 맞춰 안내합니다.",평택시 식품공장청소,https://www.moduclean.co.kr/gyeonggi/pyeongtaek-si/food-factory-cleaning,index, follow,Y,Y,5,N,없음
82,https://www.moduclean.co.kr/gyeonggi/pyeongtaek-si/haccp-factory-cleaning,평택시,해썹공장청소,200,"평택시 해썹공장청소 | HACCP 지정 규격 위생 살균 청소 - 모두종합환경","평택시 해썹공장청소 상담. HACCP 위생 인증 기준에 부합하도록 교차 오염 요소를 사전 차단하고, 천장 빔 구조체 먼지 진공 포집 및 린스를 진행합니다. 현장 상태에 맞춰 안내합니다.",평택시 해썹공장청소,https://www.moduclean.co.kr/gyeonggi/pyeongtaek-si/haccp-factory-cleaning,index, follow,Y,Y,5,N,없음
83,https://www.moduclean.co.kr/gyeonggi/pyeongtaek-si/factory-hygiene-cleaning,평택시,공장위생청소,200,"평택시 공장위생청소 | 제조 현장 분진 및 고착 먼지 제거 - 모두종합환경","평택시 공장위생청소 상담. 부품 제조 및 사출 가공 구역에 누적되는 정밀 유해 철가루와 원료 분말을 특수 필터 집진기로 남김없이 소인합니다. 현장 상태에 맞춰 안내합니다.",평택시 공장위생청소,https://www.moduclean.co.kr/gyeonggi/pyeongtaek-si/factory-hygiene-cleaning,index, follow,Y,Y,5,N,없음
84,https://www.moduclean.co.kr/gyeonggi/pyeongtaek-si/factory-mold-removal,평택시,공장곰팡이제거,200,"평택시 공장곰팡이제거 | 공장 벽면 및 구조물 곰팡이 박멸 - 모두종합환경","평택시 공장곰팡이제거 상담. 다습한 공장 벽체와 철골조 틈새에 고착된 검은 곰팡이를 침투형 약품으로 사멸시키고 방균 코팅으로 예방합니다. 현장 상태에 맞춰 안내합니다.",평택시 공장곰팡이제거,https://www.moduclean.co.kr/gyeonggi/pyeongtaek-si/factory-mold-removal,index, follow,Y,Y,5,N,없음
85,https://www.moduclean.co.kr/gyeonggi/pyeongtaek-si/warehouse-mold-cleaning,평택시,물류창고곰팡이청소,200,"평택시 물류창고곰팡이청소 | 물류창고 랙 및 벽체 곰팡이 살균 - 모두종합환경","평택시 물류창고곰팡이청소 상담. 의류 및 자재 창고 결로 지역 벽면의 곰팡이를 정밀 소독 닦기하고, 공간 전체 오존 살포로 묵은 악취를 제거합니다. 현장 상태에 맞춰 안내합니다.",평택시 물류창고곰팡이청소,https://www.moduclean.co.kr/gyeonggi/pyeongtaek-si/warehouse-mold-cleaning,index, follow,Y,Y,5,N,없음
86,https://www.moduclean.co.kr/gyeonggi/pyeongtaek-si/factory-diffuser-cleaning,평택시,공장디퓨저청소,200,"평택시 공장디퓨저청소 | 천장 디퓨저 그릴 탈거 분해 세척 - 모두종합환경","평택시 공장디퓨저청소 상담. 급배기용 천장 디퓨저 커버를 완전 탈거하여 바닥에서 고압 온수 세척하고 주변 변색 텍스 표면을 정밀 소인합니다. 현장 상태에 맞춰 안내합니다.",평택시 공장디퓨저청소,https://www.moduclean.co.kr/gyeonggi/pyeongtaek-si/factory-diffuser-cleaning,index, follow,Y,Y,5,N,없음
87,https://www.moduclean.co.kr/gyeonggi/pyeongtaek-si/vent-cleaning,평택시,환기구청소,200,"평택시 환기구청소 | 환기 그릴 및 루버창 고압 물 청소 - 모두종합환경","평택시 환기구청소 상담. 대형 환기창 루버창 날개 틈새에 고착된 고밀도 매연 기름 먼지를 스카이 고소 장비와 고압 살수 공정으로 세정합니다. 현장 상태에 맞춰 안내합니다.",평택시 환기구청소,https://www.moduclean.co.kr/gyeonggi/pyeongtaek-si/vent-cleaning,index, follow,Y,Y,5,N,없음
88,https://www.moduclean.co.kr/gyeonggi/pyeongtaek-si/factory-floor-cleaning,평택시,공장바닥청소,200,"평택시 공장바닥청소 | 바닥 기름때 및 스키드 마크 기계 박리 - 모두종합환경","평택시 공장바닥청소 상담. 작업장 에폭시 바닥의 미끄러운 유압 오일막과 지게차 검은 스키드 마크를 전용 유화제와 대형 회전 스크러버로 박리합니다. 현장 상태에 맞춰 안내합니다.",평택시 공장바닥청소,https://www.moduclean.co.kr/gyeonggi/pyeongtaek-si/factory-floor-cleaning,index, follow,Y,Y,5,N,없음
89,https://www.moduclean.co.kr/gyeonggi/pyeongtaek-si/factory-move-cleaning,평택시,공장이전청소,200,"평택시 공장이전청소 | 공장 이전 전후 설비 흔적 및 오일 세정 - 모두종합환경","평택시 공장이전청소 상담. 공장 이전 완료 후 기계 반출 자리에 남은 묵은 볼트 홀 먼지, 오일 찌꺼기, 원상 복구를 위한 실내 폐기물 처리를 도맡습니다. 현장 상태에 맞춰 안내합니다.",평택시 공장이전청소,https://www.moduclean.co.kr/gyeonggi/pyeongtaek-si/factory-move-cleaning,index, follow,Y,Y,5,N,없음
90,https://www.moduclean.co.kr/gyeonggi/pyeongtaek-si/factory-exterior-panel-cleaning,평택시,공장외벽판넬청소,200,"평택시 공장외벽판넬청소 | 공장 외벽 샌드위치 판넬 고압 세정 - 모두종합환경","평택시 공장외벽판넬청소 상담. 조립식 샌드위치 판넬 외벽의 눈물 자국 얼룩과 매연 먼지를 판넬 도장 부식 없이 외부 스카이차에서 고압 살수합니다. 현장 상태에 맞춰 안내합니다.",평택시 공장외벽판넬청소,https://www.moduclean.co.kr/gyeonggi/pyeongtaek-si/factory-exterior-panel-cleaning,index, follow,Y,Y,5,N,없음
91,https://www.moduclean.co.kr/gyeonggi/anseong-si/food-factory-cleaning,안성시,식품공장청소,200,"안성시 식품공장청소 | 식품공장 고온 스팀 위생 세척 - 모두종합환경","안성시 식품공장청소 상담. 식품 가공실 및 육가공 생산 라인의 잔여 부산물, 찌든 기름 슬러지, 트렌치 악취 요소를 고온 온수 스팀 공정으로 세척합니다. 현장 상태에 맞춰 안내합니다.",안성시 식품공장청소,https://www.moduclean.co.kr/gyeonggi/anseong-si/food-factory-cleaning,index, follow,Y,Y,5,N,없음
92,https://www.moduclean.co.kr/gyeonggi/anseong-si/haccp-factory-cleaning,안성시,해썹공장청소,200,"안성시 해썹공장청소 | HACCP 지정 규격 위생 살균 청소 - 모두종합환경","안성시 해썹공장청소 상담. HACCP 위생 인증 기준에 부합하도록 교차 오염 요소를 사전 차단하고, 천장 빔 구조체 먼지 진공 포집 및 린스를 진행합니다. 현장 상태에 맞춰 안내합니다.",안성시 해썹공장청소,https://www.moduclean.co.kr/gyeonggi/anseong-si/haccp-factory-cleaning,index, follow,Y,Y,5,N,없음
93,https://www.moduclean.co.kr/gyeonggi/anseong-si/factory-hygiene-cleaning,안성시,공장위생청소,200,"안성시 공장위생청소 | 제조 현장 분진 및 고착 먼지 제거 - 모두종합환경","안성시 공장위생청소 상담. 부품 제조 및 사출 가공 구역에 누적되는 정밀 유해 철가루와 원료 분말을 특수 필터 집진기로 남김없이 소인합니다. 현장 상태에 맞춰 안내합니다.",안성시 공장위생청소,https://www.moduclean.co.kr/gyeonggi/anseong-si/factory-hygiene-cleaning,index, follow,Y,Y,5,N,없음
94,https://www.moduclean.co.kr/gyeonggi/anseong-si/factory-mold-removal,안성시,공장곰팡이제거,200,"안성시 공장곰팡이제거 | 공장 벽면 및 구조물 곰팡이 박멸 - 모두종합환경","안성시 공장곰팡이제거 상담. 다습한 공장 벽체와 철골조 틈새에 고착된 검은 곰팡이를 침투형 약품으로 사멸시키고 방균 코팅으로 예방합니다. 현장 상태에 맞춰 안내합니다.",안성시 공장곰팡이제거,https://www.moduclean.co.kr/gyeonggi/anseong-si/factory-mold-removal,index, follow,Y,Y,5,N,없음
95,https://www.moduclean.co.kr/gyeonggi/anseong-si/warehouse-mold-cleaning,안성시,물류창고곰팡이청소,200,"안성시 물류창고곰팡이청소 | 물류창고 랙 및 벽체 곰팡이 살균 - 모두종합환경","안성시 물류창고곰팡이청소 상담. 의류 및 자재 창고 결로 지역 벽면의 곰팡이를 정밀 소독 닦기하고, 공간 전체 오존 살포로 묵은 악취를 제거합니다. 현장 상태에 맞춰 안내합니다.",안성시 물류창고곰팡이청소,https://www.moduclean.co.kr/gyeonggi/anseong-si/warehouse-mold-cleaning,index, follow,Y,Y,5,N,없음
96,https://www.moduclean.co.kr/gyeonggi/anseong-si/factory-diffuser-cleaning,안성시,공장디퓨저청소,200,"안성시 공장디퓨저청소 | 천장 디퓨저 그릴 탈거 분해 세척 - 모두종합환경","안성시 공장디퓨저청소 상담. 급배기용 천장 디퓨저 커버를 완전 탈거하여 바닥에서 고압 온수 세척하고 주변 변색 텍스 표면을 정밀 소인합니다. 현장 상태에 맞춰 안내합니다.",안성시 공장디퓨저청소,https://www.moduclean.co.kr/gyeonggi/anseong-si/factory-diffuser-cleaning,index, follow,Y,Y,5,N,없음
97,https://www.moduclean.co.kr/gyeonggi/anseong-si/vent-cleaning,안성시,환기구청소,200,"안성시 환기구청소 | 환기 그릴 및 루버창 고압 물 청소 - 모두종합환경","안성시 환기구청소 상담. 대형 환기창 루버창 날개 틈새에 고착된 고밀도 매연 기름 먼지를 스카이 고소 장비와 고압 살수 공정으로 세정합니다. 현장 상태에 맞춰 안내합니다.",안성시 환기구청소,https://www.moduclean.co.kr/gyeonggi/anseong-si/vent-cleaning,index, follow,Y,Y,5,N,없음
98,https://www.moduclean.co.kr/gyeonggi/anseong-si/factory-floor-cleaning,안성시,공장바닥청소,200,"안성시 공장바닥청소 | 바닥 기름때 및 스키드 마크 기계 박리 - 모두종합환경","안성시 공장바닥청소 상담. 작업장 에폭시 바닥의 미끄러운 유압 오일막과 지게차 검은 스키드 마크를 전용 유화제와 대형 회전 스크러버로 박리합니다. 현장 상태에 맞춰 안내합니다.",안성시 공장바닥청소,https://www.moduclean.co.kr/gyeonggi/anseong-si/factory-floor-cleaning,index, follow,Y,Y,5,N,없음
99,https://www.moduclean.co.kr/gyeonggi/anseong-si/factory-move-cleaning,안성시,공장이전청소,200,"안성시 공장이전청소 | 공장 이전 전후 설비 흔적 및 오일 세정 - 모두종합환경","안성시 공장이전청소 상담. 공장 이전 완료 후 기계 반출 자리에 남은 묵은 볼트 홀 먼지, 오일 찌꺼기, 원상 복구를 위한 실내 폐기물 처리를 도맡습니다. 현장 상태에 맞춰 안내합니다.",안성시 공장이전청소,https://www.moduclean.co.kr/gyeonggi/anseong-si/factory-move-cleaning,index, follow,Y,Y,5,N,없음
100,https://www.moduclean.co.kr/gyeonggi/anseong-si/factory-exterior-panel-cleaning,안성시,공장외벽판넬청소,200,"안성시 공장외벽판넬청소 | 공장 외벽 샌드위치 판넬 고압 세정 - 모두종합환경","안성시 공장외벽판넬청소 상담. 조립식 샌드위치 판넬 외벽의 눈물 자국 얼룩과 매연 먼지를 판넬 도장 부식 없이 외부 스카이차에서 고압 살수합니다. 현장 상태에 맞춰 안내합니다.",안성시 공장외벽판넬청소,https://www.moduclean.co.kr/gyeonggi/anseong-si/factory-exterior-panel-cleaning,index, follow,Y,Y,5,N,없음
101,https://www.moduclean.co.kr/gyeonggi/pocheon-si/food-factory-cleaning,포천시,식품공장청소,200,"포천시 식품공장청소 | 식품공장 고온 스팀 위생 세척 - 모두종합환경","포천시 식품공장청소 상담. 식품 가공실 및 육가공 생산 라인의 잔여 부산물, 찌든 기름 슬러지, 트렌치 악취 요소를 고온 온수 스팀 공정으로 세척합니다. 현장 상태에 맞춰 안내합니다.",포천시 식품공장청소,https://www.moduclean.co.kr/gyeonggi/pocheon-si/food-factory-cleaning,index, follow,Y,Y,5,N,없음
102,https://www.moduclean.co.kr/gyeonggi/pocheon-si/haccp-factory-cleaning,포천시,해썹공장청소,200,"포천시 해썹공장청소 | HACCP 지정 규격 위생 살균 청소 - 모두종합환경","포천시 해썹공장청소 상담. HACCP 위생 인증 기준에 부합하도록 교차 오염 요소를 사전 차단하고, 천장 빔 구조체 먼지 진공 포집 및 린스를 진행합니다. 현장 상태에 맞춰 안내합니다.",포천시 해썹공장청소,https://www.moduclean.co.kr/gyeonggi/pocheon-si/haccp-factory-cleaning,index, follow,Y,Y,5,N,없음
103,https://www.moduclean.co.kr/gyeonggi/pocheon-si/factory-hygiene-cleaning,포천시,공장위생청소,200,"포천시 공장위생청소 | 제조 현장 분진 및 고착 먼지 제거 - 모두종합환경","포천시 공장위생청소 상담. 부품 제조 및 사출 가공 구역에 누적되는 정밀 유해 철가루와 원료 분말을 특수 필터 집진기로 남김없이 소인합니다. 현장 상태에 맞춰 안내합니다.",포천시 공장위생청소,https://www.moduclean.co.kr/gyeonggi/pocheon-si/factory-hygiene-cleaning,index, follow,Y,Y,5,N,없음
104,https://www.moduclean.co.kr/gyeonggi/pocheon-si/factory-mold-removal,포천시,공장곰팡이제거,200,"포천시 공장곰팡이제거 | 공장 벽면 및 구조물 곰팡이 박멸 - 모두종합환경","포천시 공장곰팡이제거 상담. 다습한 공장 벽체와 철골조 틈새에 고착된 검은 곰팡이를 침투형 약품으로 사멸시키고 방균 코팅으로 예방합니다. 현장 상태에 맞춰 안내합니다.",포천시 공장곰팡이제거,https://www.moduclean.co.kr/gyeonggi/pocheon-si/factory-mold-removal,index, follow,Y,Y,5,N,없음
105,https://www.moduclean.co.kr/gyeonggi/pocheon-si/warehouse-mold-cleaning,포천시,물류창고곰팡이청소,200,"포천시 물류창고곰팡이청소 | 물류창고 랙 및 벽체 곰팡이 살균 - 모두종합환경","포천시 물류창고곰팡이청소 상담. 의류 및 자재 창고 결로 지역 벽면의 곰팡이를 정밀 소독 닦기하고, 공간 전체 오존 살포로 묵은 악취를 제거합니다. 현장 상태에 맞춰 안내합니다.",포천시 물류창고곰팡이청소,https://www.moduclean.co.kr/gyeonggi/pocheon-si/warehouse-mold-cleaning,index, follow,Y,Y,5,N,없음
106,https://www.moduclean.co.kr/gyeonggi/pocheon-si/factory-diffuser-cleaning,포천시,공장디퓨저청소,200,"포천시 공장디퓨저청소 | 천장 디퓨저 그릴 탈거 분해 세척 - 모두종합환경","포천시 공장디퓨저청소 상담. 급배기용 천장 디퓨저 커버를 완전 탈거하여 바닥에서 고압 온수 세척하고 주변 변색 텍스 표면을 정밀 소인합니다. 현장 상태에 맞춰 안내합니다.",포천시 공장디퓨저청소,https://www.moduclean.co.kr/gyeonggi/pocheon-si/factory-diffuser-cleaning,index, follow,Y,Y,5,N,없음
107,https://www.moduclean.co.kr/gyeonggi/pocheon-si/vent-cleaning,포천시,환기구청소,200,"포천시 환기구청소 | 환기 그릴 및 루버창 고압 물 청소 - 모두종합환경","포천시 환기구청소 상담. 대형 환기창 루버창 날개 틈새에 고착된 고밀도 매연 기름 먼지를 스카이 고소 장비와 고압 살수 공정으로 세정합니다. 현장 상태에 맞춰 안내합니다.",포천시 환기구청소,https://www.moduclean.co.kr/gyeonggi/pocheon-si/vent-cleaning,index, follow,Y,Y,5,N,없음
108,https://www.moduclean.co.kr/gyeonggi/pocheon-si/factory-floor-cleaning,포천시,공장바닥청소,200,"포천시 공장바닥청소 | 바닥 기름때 및 스키드 마크 기계 박리 - 모두종합환경","포천시 공장바닥청소 상담. 작업장 에폭시 바닥의 미끄러운 유압 오일막과 지게차 검은 스키드 마크를 전용 유화제와 대형 회전 스크러버로 박리합니다. 현장 상태에 맞춰 안내합니다.",포천시 공장바닥청소,https://www.moduclean.co.kr/gyeonggi/pocheon-si/factory-floor-cleaning,index, follow,Y,Y,5,N,없음
109,https://www.moduclean.co.kr/gyeonggi/pocheon-si/factory-move-cleaning,포천시,공장이전청소,200,"포천시 공장이전청소 | 공장 이전 전후 설비 흔적 및 오일 세정 - 모두종합환경","포천시 공장이전청소 상담. 공장 이전 완료 후 기계 반출 자리에 남은 묵은 볼트 홀 먼지, 오일 찌꺼기, 원상 복구를 위한 실내 폐기물 처리를 도맡습니다. 현장 상태에 맞춰 안내합니다.",포천시 공장이전청소,https://www.moduclean.co.kr/gyeonggi/pocheon-si/factory-move-cleaning,index, follow,Y,Y,5,N,없음
110,https://www.moduclean.co.kr/gyeonggi/pocheon-si/factory-exterior-panel-cleaning,포천시,공장외벽판넬청소,200,"포천시 공장외벽판넬청소 | 공장 외벽 샌드위치 판넬 고압 세정 - 모두종합환경","포천시 공장외벽판넬청소 상담. 조립식 샌드위치 판넬 외벽의 눈물 자국 얼룩과 매연 먼지를 판넬 도장 부식 없이 외부 스카이차에서 고압 살수합니다. 현장 상태에 맞춰 안내합니다.",포천시 공장외벽판넬청소,https://www.moduclean.co.kr/gyeonggi/pocheon-si/factory-exterior-panel-cleaning,index, follow,Y,Y,5,N,없음
111,https://www.moduclean.co.kr/chungbuk/eumseong-gu/food-factory-cleaning,음성군,식품공장청소,200,"음성군 식품공장청소 | 식품공장 고온 스팀 위생 세척 - 모두종합환경","음성군 식품공장청소 상담. 식품 가공실 및 육가공 생산 라인의 잔여 부산물, 찌든 기름 슬러지, 트렌치 악취 요소를 고온 온수 스팀 공정으로 세척합니다. 현장 상태에 맞춰 안내합니다.",음성군 식품공장청소,https://www.moduclean.co.kr/chungbuk/eumseong-gu/food-factory-cleaning,index, follow,Y,Y,5,N,없음
112,https://www.moduclean.co.kr/chungbuk/eumseong-gu/haccp-factory-cleaning,음성군,해썹공장청소,200,"음성군 해썹공장청소 | HACCP 지정 규격 위생 살균 청소 - 모두종합환경","음성군 해썹공장청소 상담. HACCP 위생 인증 기준에 부합하도록 교차 오염 요소를 사전 차단하고, 천장 빔 구조체 먼지 진공 포집 및 린스를 진행합니다. 현장 상태에 맞춰 안내합니다.",음성군 해썹공장청소,https://www.moduclean.co.kr/chungbuk/eumseong-gu/haccp-factory-cleaning,index, follow,Y,Y,5,N,없음
113,https://www.moduclean.co.kr/chungbuk/eumseong-gu/factory-hygiene-cleaning,음성군,공장위생청소,200,"음성군 공장위생청소 | 제조 현장 분진 및 고착 먼지 제거 - 모두종합환경","음성군 공장위생청소 상담. 부품 제조 및 사출 가공 구역에 누적되는 정밀 유해 철가루와 원료 분말을 특수 필터 집진기로 남김없이 소인합니다. 현장 상태에 맞춰 안내합니다.",음성군 공장위생청소,https://www.moduclean.co.kr/chungbuk/eumseong-gu/factory-hygiene-cleaning,index, follow,Y,Y,5,N,없음
114,https://www.moduclean.co.kr/chungbuk/eumseong-gu/factory-mold-removal,음성군,공장곰팡이제거,200,"음성군 공장곰팡이제거 | 공장 벽면 및 구조물 곰팡이 박멸 - 모두종합환경","음성군 공장곰팡이제거 상담. 다습한 공장 벽체와 철골조 틈새에 고착된 검은 곰팡이를 침투형 약품으로 사멸시키고 방균 코팅으로 예방합니다. 현장 상태에 맞춰 안내합니다.",음성군 공장곰팡이제거,https://www.moduclean.co.kr/chungbuk/eumseong-gu/factory-mold-removal,index, follow,Y,Y,5,N,없음
115,https://www.moduclean.co.kr/chungbuk/eumseong-gu/warehouse-mold-cleaning,음성군,물류창고곰팡이청소,200,"음성군 물류창고곰팡이청소 | 물류창고 랙 및 벽체 곰팡이 살균 - 모두종합환경","음성군 물류창고곰팡이청소 상담. 의류 및 자재 창고 결로 지역 벽면의 곰팡이를 정밀 소독 닦기하고, 공간 전체 오존 살포로 묵은 악취를 제거합니다. 현장 상태에 맞춰 안내합니다.",음성군 물류창고곰팡이청소,https://www.moduclean.co.kr/chungbuk/eumseong-gu/warehouse-mold-cleaning,index, follow,Y,Y,5,N,없음
116,https://www.moduclean.co.kr/chungbuk/eumseong-gu/factory-diffuser-cleaning,음성군,공장디퓨저청소,200,"음성군 공장디퓨저청소 | 천장 디퓨저 그릴 탈거 분해 세척 - 모두종합환경","음성군 공장디퓨저청소 상담. 급배기용 천장 디퓨저 커버를 완전 탈거하여 바닥에서 고압 온수 세척하고 주변 변색 텍스 표면을 정밀 소인합니다. 현장 상태에 맞춰 안내합니다.",음성군 공장디퓨저청소,https://www.moduclean.co.kr/chungbuk/eumseong-gu/factory-diffuser-cleaning,index, follow,Y,Y,5,N,없음
117,https://www.moduclean.co.kr/chungbuk/eumseong-gu/vent-cleaning,음성군,환기구청소,200,"음성군 환기구청소 | 환기 그릴 및 루버창 고압 물 청소 - 모두종합환경","음성군 환기구청소 상담. 대형 환기창 루버창 날개 틈새에 고착된 고밀도 매연 기름 먼지를 스카이 고소 장비와 고압 살수 공정으로 세정합니다. 현장 상태에 맞춰 안내합니다.",음성군 환기구청소,https://www.moduclean.co.kr/chungbuk/eumseong-gu/vent-cleaning,index, follow,Y,Y,5,N,없음
118,https://www.moduclean.co.kr/chungbuk/eumseong-gu/factory-floor-cleaning,음성군,공장바닥청소,200,"음성군 공장바닥청소 | 바닥 기름때 및 스키드 마크 기계 박리 - 모두종합환경","음성군 공장바닥청소 상담. 작업장 에폭시 바닥의 미끄러운 유압 오일막과 지게차 검은 스키드 마크를 전용 유화제와 대형 회전 스크러버로 박리합니다. 현장 상태에 맞춰 안내합니다.",음성군 공장바닥청소,https://www.moduclean.co.kr/chungbuk/eumseong-gu/factory-floor-cleaning,index, follow,Y,Y,5,N,없음
119,https://www.moduclean.co.kr/chungbuk/eumseong-gu/factory-move-cleaning,음성군,공장이전청소,200,"음성군 공장이전청소 | 공장 이전 전후 설비 흔적 및 오일 세정 - 모두종합환경","음성군 공장이전청소 상담. 공장 이전 완료 후 기계 반출 자리에 남은 묵은 볼트 홀 먼지, 오일 찌꺼기, 원상 복구를 위한 실내 폐기물 처리를 도맡습니다. 현장 상태에 맞춰 안내합니다.",음성군 공장이전청소,https://www.moduclean.co.kr/chungbuk/eumseong-gu/factory-move-cleaning,index, follow,Y,Y,5,N,없음
120,https://www.moduclean.co.kr/chungbuk/eumseong-gu/factory-exterior-panel-cleaning,음성군,공장외벽판넬청소,200,"음성군 공장외벽판넬청소 | 공장 외벽 샌드위치 판넬 고압 세정 - 모두종합환경","음성군 공장외벽판넬청소 상담. 조립식 샌드위치 판넬 외벽의 눈물 자국 얼룩과 매연 먼지를 판넬 도장 부식 없이 외부 스카이차에서 고압 살수합니다. 현장 상태에 맞춰 안내합니다.",음성군 공장외벽판넬청소,https://www.moduclean.co.kr/chungbuk/eumseong-gu/factory-exterior-panel-cleaning,index, follow,Y,Y,5,N,없음
121,https://www.moduclean.co.kr/chungbuk/jincheon-gu/food-factory-cleaning,진천군,식품공장청소,200,"진천군 식품공장청소 | 식품공장 고온 스팀 위생 세척 - 모두종합환경","진천군 식품공장청소 상담. 식품 가공실 및 육가공 생산 라인의 잔여 부산물, 찌든 기름 슬러지, 트렌치 악취 요소를 고온 온수 스팀 공정으로 세척합니다. 현장 상태에 맞춰 안내합니다.",진천군 식품공장청소,https://www.moduclean.co.kr/chungbuk/jincheon-gu/food-factory-cleaning,index, follow,Y,Y,5,N,없음
122,https://www.moduclean.co.kr/chungbuk/jincheon-gu/haccp-factory-cleaning,진천군,해썹공장청소,200,"진천군 해썹공장청소 | HACCP 지정 규격 위생 살균 청소 - 모두종합환경","진천군 해썹공장청소 상담. HACCP 위생 인증 기준에 부합하도록 교차 오염 요소를 사전 차단하고, 천장 빔 구조체 먼지 진공 포집 및 린스를 진행합니다. 현장 상태에 맞춰 안내합니다.",진천군 해썹공장청소,https://www.moduclean.co.kr/chungbuk/jincheon-gu/haccp-factory-cleaning,index, follow,Y,Y,5,N,없음
123,https://www.moduclean.co.kr/chungbuk/jincheon-gu/factory-hygiene-cleaning,진천군,공장위생청소,200,"진천군 공장위생청소 | 제조 현장 분진 및 고착 먼지 제거 - 모두종합환경","진천군 공장위생청소 상담. 부품 제조 및 사출 가공 구역에 누적되는 정밀 유해 철가루와 원료 분말을 특수 필터 집진기로 남김없이 소인합니다. 현장 상태에 맞춰 안내합니다.",진천군 공장위생청소,https://www.moduclean.co.kr/chungbuk/jincheon-gu/factory-hygiene-cleaning,index, follow,Y,Y,5,N,없음
124,https://www.moduclean.co.kr/chungbuk/jincheon-gu/factory-mold-removal,진천군,공장곰팡이제거,200,"진천군 공장곰팡이제거 | 공장 벽면 및 구조물 곰팡이 박멸 - 모두종합환경","진천군 공장곰팡이제거 상담. 다습한 공장 벽체와 철골조 틈새에 고착된 검은 곰팡이를 침투형 약품으로 사멸시키고 방균 코팅으로 예방합니다. 현장 상태에 맞춰 안내합니다.",진천군 공장곰팡이제거,https://www.moduclean.co.kr/chungbuk/jincheon-gu/factory-mold-removal,index, follow,Y,Y,5,N,없음
125,https://www.moduclean.co.kr/chungbuk/jincheon-gu/warehouse-mold-cleaning,진천군,물류창고곰팡이청소,200,"진천군 물류창고곰팡이청소 | 물류창고 랙 및 벽체 곰팡이 살균 - 모두종합환경","진천군 물류창고곰팡이청소 상담. 의류 및 자재 창고 결로 지역 벽면의 곰팡이를 정밀 소독 닦기하고, 공간 전체 오존 살포로 묵은 악취를 제거합니다. 현장 상태에 맞춰 안내합니다.",진천군 물류창고곰팡이청소,https://www.moduclean.co.kr/chungbuk/jincheon-gu/warehouse-mold-cleaning,index, follow,Y,Y,5,N,없음
126,https://www.moduclean.co.kr/chungbuk/jincheon-gu/factory-diffuser-cleaning,진천군,공장디퓨저청소,200,"진천군 공장디퓨저청소 | 천장 디퓨저 그릴 탈거 분해 세척 - 모두종합환경","진천군 공장디퓨저청소 상담. 급배기용 천장 디퓨저 커버를 완전 탈거하여 바닥에서 고압 온수 세척하고 주변 변색 텍스 표면을 정밀 소인합니다. 현장 상태에 맞춰 안내합니다.",진천군 공장디퓨저청소,https://www.moduclean.co.kr/chungbuk/jincheon-gu/factory-diffuser-cleaning,index, follow,Y,Y,5,N,없음
127,https://www.moduclean.co.kr/chungbuk/jincheon-gu/vent-cleaning,진천군,환기구청소,200,"진천군 환기구청소 | 환기 그릴 및 루버창 고압 물 청소 - 모두종합환경","진천군 환기구청소 상담. 대형 환기창 루버창 날개 틈새에 고착된 고밀도 매연 기름 먼지를 스카이 고소 장비와 고압 살수 공정으로 세정합니다. 현장 상태에 맞춰 안내합니다.",진천군 환기구청소,https://www.moduclean.co.kr/chungbuk/jincheon-gu/vent-cleaning,index, follow,Y,Y,5,N,없음
128,https://www.moduclean.co.kr/chungbuk/jincheon-gu/factory-floor-cleaning,진천군,공장바닥청소,200,"진천군 공장바닥청소 | 바닥 기름때 및 스키드 마크 기계 박리 - 모두종합환경","진천군 공장바닥청소 상담. 작업장 에폭시 바닥의 미끄러운 유압 오일막과 지게차 검은 스키드 마크를 전용 유화제와 대형 회전 스크러버로 박리합니다. 현장 상태에 맞춰 안내합니다.",진천군 공장바닥청소,https://www.moduclean.co.kr/chungbuk/jincheon-gu/factory-floor-cleaning,index, follow,Y,Y,5,N,없음
129,https://www.moduclean.co.kr/chungbuk/jincheon-gu/factory-move-cleaning,진천군,공장이전청소,200,"진천군 공장이전청소 | 공장 이전 전후 설비 흔적 및 오일 세정 - 모두종합환경","진천군 공장이전청소 상담. 공장 이전 완료 후 기계 반출 자리에 남은 묵은 볼트 홀 먼지, 오일 찌꺼기, 원상 복구를 위한 실내 폐기물 처리를 도맡습니다. 현장 상태에 맞춰 안내합니다.",진천군 공장이전청소,https://www.moduclean.co.kr/chungbuk/jincheon-gu/factory-move-cleaning,index, follow,Y,Y,5,N,없음
130,https://www.moduclean.co.kr/chungbuk/jincheon-gu/factory-exterior-panel-cleaning,진천군,공장외벽판넬청소,200,"진천군 공장외벽판넬청소 | 공장 외벽 샌드위치 판넬 고압 세정 - 모두종합환경","진천군 공장외벽판넬청소 상담. 조립식 샌드위치 판넬 외벽의 눈물 자국 얼룩과 매연 먼지를 판넬 도장 부식 없이 외부 스카이차에서 고압 살수합니다. 현장 상태에 맞춰 안내합니다.",진천군 공장외벽판넬청소,https://www.moduclean.co.kr/chungbuk/jincheon-gu/factory-exterior-panel-cleaning,index, follow,Y,Y,5,N,없음
131,https://www.moduclean.co.kr/chungbuk/cheongju-si/food-factory-cleaning,청주시,식품공장청소,200,"청주시 식품공장청소 | 식품공장 고온 스팀 위생 세척 - 모두종합환경","청주시 식품공장청소 상담. 식품 가공실 및 육가공 생산 라인의 잔여 부산물, 찌든 기름 슬러지, 트렌치 악취 요소를 고온 온수 스팀 공정으로 세척합니다. 현장 상태에 맞춰 안내합니다.",청주시 식품공장청소,https://www.moduclean.co.kr/chungbuk/cheongju-si/food-factory-cleaning,index, follow,Y,Y,5,N,없음
132,https://www.moduclean.co.kr/chungbuk/cheongju-si/haccp-factory-cleaning,청주시,해썹공장청소,200,"청주시 해썹공장청소 | HACCP 지정 규격 위생 살균 청소 - 모두종합환경","청주시 해썹공장청소 상담. HACCP 위생 인증 기준에 부합하도록 교차 오염 요소를 사전 차단하고, 천장 빔 구조체 먼지 진공 포집 및 린스를 진행합니다. 현장 상태에 맞춰 안내합니다.",청주시 해썹공장청소,https://www.moduclean.co.kr/chungbuk/cheongju-si/haccp-factory-cleaning,index, follow,Y,Y,5,N,없음
133,https://www.moduclean.co.kr/chungbuk/cheongju-si/factory-hygiene-cleaning,청주시,공장위생청소,200,"청주시 공장위생청소 | 제조 현장 분진 및 고착 먼지 제거 - 모두종합환경","청주시 공장위생청소 상담. 부품 제조 및 사출 가공 구역에 누적되는 정밀 유해 철가루와 원료 분말을 특수 필터 집진기로 남김없이 소인합니다. 현장 상태에 맞춰 안내합니다.",청주시 공장위생청소,https://www.moduclean.co.kr/chungbuk/cheongju-si/factory-hygiene-cleaning,index, follow,Y,Y,5,N,없음
134,https://www.moduclean.co.kr/chungbuk/cheongju-si/factory-mold-removal,청주시,공장곰팡이제거,200,"청주시 공장곰팡이제거 | 공장 벽면 및 구조물 곰팡이 박멸 - 모두종합환경","청주시 공장곰팡이제거 상담. 다습한 공장 벽체와 철골조 틈새에 고착된 검은 곰팡이를 침투형 약품으로 사멸시키고 방균 코팅으로 예방합니다. 현장 상태에 맞춰 안내합니다.",청주시 공장곰팡이제거,https://www.moduclean.co.kr/chungbuk/cheongju-si/factory-mold-removal,index, follow,Y,Y,5,N,없음
135,https://www.moduclean.co.kr/chungbuk/cheongju-si/warehouse-mold-cleaning,청주시,물류창고곰팡이청소,200,"청주시 물류창고곰팡이청소 | 물류창고 랙 및 벽체 곰팡이 살균 - 모두종합환경","청주시 물류창고곰팡이청소 상담. 의류 및 자재 창고 결로 지역 벽면의 곰팡이를 정밀 소독 닦기하고, 공간 전체 오존 살포로 묵은 악취를 제거합니다. 현장 상태에 맞춰 안내합니다.",청주시 물류창고곰팡이청소,https://www.moduclean.co.kr/chungbuk/cheongju-si/warehouse-mold-cleaning,index, follow,Y,Y,5,N,없음
136,https://www.moduclean.co.kr/chungbuk/cheongju-si/factory-diffuser-cleaning,청주시,공장디퓨저청소,200,"청주시 공장디퓨저청소 | 천장 디퓨저 그릴 탈거 분해 세척 - 모두종합환경","청주시 공장디퓨저청소 상담. 급배기용 천장 디퓨저 커버를 완전 탈거하여 바닥에서 고압 온수 세척하고 주변 변색 텍스 표면을 정밀 소인합니다. 현장 상태에 맞춰 안내합니다.",청주시 공장디퓨저청소,https://www.moduclean.co.kr/chungbuk/cheongju-si/factory-diffuser-cleaning,index, follow,Y,Y,5,N,없음
137,https://www.moduclean.co.kr/chungbuk/cheongju-si/vent-cleaning,청주시,환기구청소,200,"청주시 환기구청소 | 환기 그릴 및 루버창 고압 물 청소 - 모두종합환경","청주시 환기구청소 상담. 대형 환기창 루버창 날개 틈새에 고착된 고밀도 매연 기름 먼지를 스카이 고소 장비와 고압 살수 공정으로 세정합니다. 현장 상태에 맞춰 안내합니다.",청주시 환기구청소,https://www.moduclean.co.kr/chungbuk/cheongju-si/vent-cleaning,index, follow,Y,Y,5,N,없음
138,https://www.moduclean.co.kr/chungbuk/cheongju-si/factory-floor-cleaning,청주시,공장바닥청소,200,"청주시 공장바닥청소 | 바닥 기름때 및 스키드 마크 기계 박리 - 모두종합환경","청주시 공장바닥청소 상담. 작업장 에폭시 바닥의 미끄러운 유압 오일막과 지게차 검은 스키드 마크를 전용 유화제와 대형 회전 스크러버로 박리합니다. 현장 상태에 맞춰 안내합니다.",청주시 공장바닥청소,https://www.moduclean.co.kr/chungbuk/cheongju-si/factory-floor-cleaning,index, follow,Y,Y,5,N,없음
139,https://www.moduclean.co.kr/chungbuk/cheongju-si/factory-move-cleaning,청주시,공장이전청소,200,"청주시 공장이전청소 | 공장 이전 전후 설비 흔적 및 오일 세정 - 모두종합환경","청주시 공장이전청소 상담. 공장 이전 완료 후 기계 반출 자리에 남은 묵은 볼트 홀 먼지, 오일 찌꺼기, 원상 복구를 위한 실내 폐기물 처리를 도맡습니다. 현장 상태에 맞춰 안내합니다.",청주시 공장이전청소,https://www.moduclean.co.kr/chungbuk/cheongju-si/factory-move-cleaning,index, follow,Y,Y,5,N,없음
140,https://www.moduclean.co.kr/chungbuk/cheongju-si/factory-exterior-panel-cleaning,청주시,공장외벽판넬청소,200,"청주시 공장외벽판넬청소 | 공장 외벽 샌드위치 판넬 고압 세정 - 모두종합환경","청주시 공장외벽판넬청소 상담. 조립식 샌드위치 판넬 외벽의 눈물 자국 얼룩과 매연 먼지를 판넬 도장 부식 없이 외부 스카이차에서 고압 살수합니다. 현장 상태에 맞춰 안내합니다.",청주시 공장외벽판넬청소,https://www.moduclean.co.kr/chungbuk/cheongju-si/factory-exterior-panel-cleaning,index, follow,Y,Y,5,N,없음
141,https://www.moduclean.co.kr/chungnam/cheonan-si/food-factory-cleaning,천안시,식품공장청소,200,"천안시 식품공장청소 | 식품공장 고온 스팀 위생 세척 - 모두종합환경","천안시 식품공장청소 상담. 식품 가공실 및 육가공 생산 라인의 잔여 부산물, 찌든 기름 슬러지, 트렌치 악취 요소를 고온 온수 스팀 공정으로 세척합니다. 현장 상태에 맞춰 안내합니다.",천안시 식품공장청소,https://www.moduclean.co.kr/chungnam/cheonan-si/food-factory-cleaning,index, follow,Y,Y,5,N,없음
142,https://www.moduclean.co.kr/chungnam/cheonan-si/haccp-factory-cleaning,천안시,해썹공장청소,200,"천안시 해썹공장청소 | HACCP 지정 규격 위생 살균 청소 - 모두종합환경","천안시 해썹공장청소 상담. HACCP 위생 인증 기준에 부합하도록 교차 오염 요소를 사전 차단하고, 천장 빔 구조체 먼지 진공 포집 및 린스를 진행합니다. 현장 상태에 맞춰 안내합니다.",천안시 해썹공장청소,https://www.moduclean.co.kr/chungnam/cheonan-si/haccp-factory-cleaning,index, follow,Y,Y,5,N,없음
143,https://www.moduclean.co.kr/chungnam/cheonan-si/factory-hygiene-cleaning,천안시,공장위생청소,200,"천안시 공장위생청소 | 제조 현장 분진 및 고착 먼지 제거 - 모두종합환경","천안시 공장위생청소 상담. 부품 제조 및 사출 가공 구역에 누적되는 정밀 유해 철가루와 원료 분말을 특수 필터 집진기로 남김없이 소인합니다. 현장 상태에 맞춰 안내합니다.",천안시 공장위생청소,https://www.moduclean.co.kr/chungnam/cheonan-si/factory-hygiene-cleaning,index, follow,Y,Y,5,N,없음
144,https://www.moduclean.co.kr/chungnam/cheonan-si/factory-mold-removal,천안시,공장곰팡이제거,200,"천안시 공장곰팡이제거 | 공장 벽면 및 구조물 곰팡이 박멸 - 모두종합환경","천안시 공장곰팡이제거 상담. 다습한 공장 벽체와 철골조 틈새에 고착된 검은 곰팡이를 침투형 약품으로 사멸시키고 방균 코팅으로 예방합니다. 현장 상태에 맞춰 안내합니다.",천안시 공장곰팡이제거,https://www.moduclean.co.kr/chungnam/cheonan-si/factory-mold-removal,index, follow,Y,Y,5,N,없음
145,https://www.moduclean.co.kr/chungnam/cheonan-si/warehouse-mold-cleaning,천안시,물류창고곰팡이청소,200,"천안시 물류창고곰팡이청소 | 물류창고 랙 및 벽체 곰팡이 살균 - 모두종합환경","천안시 물류창고곰팡이청소 상담. 의류 및 자재 창고 결로 지역 벽면의 곰팡이를 정밀 소독 닦기하고, 공간 전체 오존 살포로 묵은 악취를 제거합니다. 현장 상태에 맞춰 안내합니다.",천안시 물류창고곰팡이청소,https://www.moduclean.co.kr/chungnam/cheonan-si/warehouse-mold-cleaning,index, follow,Y,Y,5,N,없음
146,https://www.moduclean.co.kr/chungnam/cheonan-si/factory-diffuser-cleaning,천안시,공장디퓨저청소,200,"천안시 공장디퓨저청소 | 천장 디퓨저 그릴 탈거 분해 세척 - 모두종합환경","천안시 공장디퓨저청소 상담. 급배기용 천장 디퓨저 커버를 완전 탈거하여 바닥에서 고압 온수 세척하고 주변 변색 텍스 표면을 정밀 소인합니다. 현장 상태에 맞춰 안내합니다.",천안시 공장디퓨저청소,https://www.moduclean.co.kr/chungnam/cheonan-si/factory-diffuser-cleaning,index, follow,Y,Y,5,N,없음
147,https://www.moduclean.co.kr/chungnam/cheonan-si/vent-cleaning,천안시,환기구청소,200,"천안시 환기구청소 | 환기 그릴 및 루버창 고압 물 청소 - 모두종합환경","천안시 환기구청소 상담. 대형 환기창 루버창 날개 틈새에 고착된 고밀도 매연 기름 먼지를 스카이 고소 장비와 고압 살수 공정으로 세정합니다. 현장 상태에 맞춰 안내합니다.",천안시 환기구청소,https://www.moduclean.co.kr/chungnam/cheonan-si/vent-cleaning,index, follow,Y,Y,5,N,없음
148,https://www.moduclean.co.kr/chungnam/cheonan-si/factory-floor-cleaning,천안시,공장바닥청소,200,"천안시 공장바닥청소 | 바닥 기름때 및 스키드 마크 기계 박리 - 모두종합환경","천안시 공장바닥청소 상담. 작업장 에폭시 바닥의 미끄러운 유압 오일막과 지게차 검은 스키드 마크를 전용 유화제와 대형 회전 스크러버로 박리합니다. 현장 상태에 맞춰 안내합니다.",천안시 공장바닥청소,https://www.moduclean.co.kr/chungnam/cheonan-si/factory-floor-cleaning,index, follow,Y,Y,5,N,없음
149,https://www.moduclean.co.kr/chungnam/cheonan-si/factory-move-cleaning,천안시,공장이전청소,200,"천안시 공장이전청소 | 공장 이전 전후 설비 흔적 및 오일 세정 - 모두종합환경","천안시 공장이전청소 상담. 공장 이전 완료 후 기계 반출 자리에 남은 묵은 볼트 홀 먼지, 오일 찌꺼기, 원상 복구를 위한 실내 폐기물 처리를 도맡습니다. 현장 상태에 맞춰 안내합니다.",천안시 공장이전청소,https://www.moduclean.co.kr/chungnam/cheonan-si/factory-move-cleaning,index, follow,Y,Y,5,N,없음
150,https://www.moduclean.co.kr/chungnam/cheonan-si/factory-exterior-panel-cleaning,천안시,공장외벽판넬청소,200,"천안시 공장외벽판넬청소 | 공장 외벽 샌드위치 판넬 고압 세정 - 모두종합환경","천안시 공장외벽판넬청소 상담. 조립식 샌드위치 판넬 외벽의 눈물 자국 얼룩과 매연 먼지를 판넬 도장 부식 없이 외부 스카이차에서 고압 살수합니다. 현장 상태에 맞춰 안내합니다.",천안시 공장외벽판넬청소,https://www.moduclean.co.kr/chungnam/cheonan-si/factory-exterior-panel-cleaning,index, follow,Y,Y,5,N,없음
151,https://www.moduclean.co.kr/chungnam/asan-si/food-factory-cleaning,아산시,식품공장청소,200,"아산시 식품공장청소 | 식품공장 고온 스팀 위생 세척 - 모두종합환경","아산시 식품공장청소 상담. 식품 가공실 및 육가공 생산 라인의 잔여 부산물, 찌든 기름 슬러지, 트렌치 악취 요소를 고온 온수 스팀 공정으로 세척합니다. 현장 상태에 맞춰 안내합니다.",아산시 식품공장청소,https://www.moduclean.co.kr/chungnam/asan-si/food-factory-cleaning,index, follow,Y,Y,5,N,없음
152,https://www.moduclean.co.kr/chungnam/asan-si/haccp-factory-cleaning,아산시,해썹공장청소,200,"아산시 해썹공장청소 | HACCP 지정 규격 위생 살균 청소 - 모두종합환경","아산시 해썹공장청소 상담. HACCP 위생 인증 기준에 부합하도록 교차 오염 요소를 사전 차단하고, 천장 빔 구조체 먼지 진공 포집 및 린스를 진행합니다. 현장 상태에 맞춰 안내합니다.",아산시 해썹공장청소,https://www.moduclean.co.kr/chungnam/asan-si/haccp-factory-cleaning,index, follow,Y,Y,5,N,없음
153,https://www.moduclean.co.kr/chungnam/asan-si/factory-hygiene-cleaning,아산시,공장위생청소,200,"아산시 공장위생청소 | 제조 현장 분진 및 고착 먼지 제거 - 모두종합환경","아산시 공장위생청소 상담. 부품 제조 및 사출 가공 구역에 누적되는 정밀 유해 철가루와 원료 분말을 특수 필터 집진기로 남김없이 소인합니다. 현장 상태에 맞춰 안내합니다.",아산시 공장위생청소,https://www.moduclean.co.kr/chungnam/asan-si/factory-hygiene-cleaning,index, follow,Y,Y,5,N,없음
154,https://www.moduclean.co.kr/chungnam/asan-si/factory-mold-removal,아산시,공장곰팡이제거,200,"아산시 공장곰팡이제거 | 공장 벽면 및 구조물 곰팡이 박멸 - 모두종합환경","아산시 공장곰팡이제거 상담. 다습한 공장 벽체와 철골조 틈새에 고착된 검은 곰팡이를 침투형 약품으로 사멸시키고 방균 코팅으로 예방합니다. 현장 상태에 맞춰 안내합니다.",아산시 공장곰팡이제거,https://www.moduclean.co.kr/chungnam/asan-si/factory-mold-removal,index, follow,Y,Y,5,N,없음
155,https://www.moduclean.co.kr/chungnam/asan-si/warehouse-mold-cleaning,아산시,물류창고곰팡이청소,200,"아산시 물류창고곰팡이청소 | 물류창고 랙 및 벽체 곰팡이 살균 - 모두종합환경","아산시 물류창고곰팡이청소 상담. 의류 및 자재 창고 결로 지역 벽면의 곰팡이를 정밀 소독 닦기하고, 공간 전체 오존 살포로 묵은 악취를 제거합니다. 현장 상태에 맞춰 안내합니다.",아산시 물류창고곰팡이청소,https://www.moduclean.co.kr/chungnam/asan-si/warehouse-mold-cleaning,index, follow,Y,Y,5,N,없음
156,https://www.moduclean.co.kr/chungnam/asan-si/factory-diffuser-cleaning,아산시,공장디퓨저청소,200,"아산시 공장디퓨저청소 | 천장 디퓨저 그릴 탈거 분해 세척 - 모두종합환경","아산시 공장디퓨저청소 상담. 급배기용 천장 디퓨저 커버를 완전 탈거하여 바닥에서 고압 온수 세척하고 주변 변색 텍스 표면을 정밀 소인합니다. 현장 상태에 맞춰 안내합니다.",아산시 공장디퓨저청소,https://www.moduclean.co.kr/chungnam/asan-si/factory-diffuser-cleaning,index, follow,Y,Y,5,N,없음
157,https://www.moduclean.co.kr/chungnam/asan-si/vent-cleaning,아산시,환기구청소,200,"아산시 환기구청소 | 환기 그릴 및 루버창 고압 물 청소 - 모두종합환경","아산시 환기구청소 상담. 대형 환기창 루버창 날개 틈새에 고착된 고밀도 매연 기름 먼지를 스카이 고소 장비와 고압 살수 공정으로 세정합니다. 현장 상태에 맞춰 안내합니다.",아산시 환기구청소,https://www.moduclean.co.kr/chungnam/asan-si/vent-cleaning,index, follow,Y,Y,5,N,없음
158,https://www.moduclean.co.kr/chungnam/asan-si/factory-floor-cleaning,아산시,공장바닥청소,200,"아산시 공장바닥청소 | 바닥 기름때 및 스키드 마크 기계 박리 - 모두종합환경","아산시 공장바닥청소 상담. 작업장 에폭시 바닥의 미끄러운 유압 오일막과 지게차 검은 스키드 마크를 전용 유화제와 대형 회전 스크러버로 박리합니다. 현장 상태에 맞춰 안내합니다.",아산시 공장바닥청소,https://www.moduclean.co.kr/chungnam/asan-si/factory-floor-cleaning,index, follow,Y,Y,5,N,없음
159,https://www.moduclean.co.kr/chungnam/asan-si/factory-move-cleaning,아산시,공장이전청소,200,"아산시 공장이전청소 | 공장 이전 전후 설비 흔적 및 오일 세정 - 모두종합환경","아산시 공장이전청소 상담. 공장 이전 완료 후 기계 반출 자리에 남은 묵은 볼트 홀 먼지, 오일 찌꺼기, 원상 복구를 위한 실내 폐기물 처리를 도맡습니다. 현장 상태에 맞춰 안내합니다.",아산시 공장이전청소,https://www.moduclean.co.kr/chungnam/asan-si/factory-move-cleaning,index, follow,Y,Y,5,N,없음
160,https://www.moduclean.co.kr/chungnam/asan-si/factory-exterior-panel-cleaning,아산시,공장외벽판넬청소,200,"아산시 공장외벽판넬청소 | 공장 외벽 샌드위치 판넬 고압 세정 - 모두종합환경","아산시 공장외벽판넬청소 상담. 조립식 샌드위치 판넬 외벽의 눈물 자국 얼룩과 매연 먼지를 판넬 도장 부식 없이 외부 스카이차에서 고압 살수합니다. 현장 상태에 맞춰 안내합니다.",아산시 공장외벽판넬청소,https://www.moduclean.co.kr/chungnam/asan-si/factory-exterior-panel-cleaning,index, follow,Y,Y,5,N,없음